task_key,task_label,protocol_key,numeric_path,fp4_quantization_applied,leaf_task_index,benchmark,task_alias,task_name,task_hash,primary_metric,example_count,score,score_percent
bf16,BF16 learned-weight control,learned_weight_bf16,learned_weight_bf16,False,0,core_9mcqa_olmes,arc_easy:mc::olmes,arc_easy:mc,c8c246d1822e8ad46441536ef5c4f4f3,acc_raw,1000,0.233,23.3
bf16,BF16 learned-weight control,learned_weight_bf16,learned_weight_bf16,False,1,core_9mcqa_olmes,arc_easy:rc::olmes,arc_easy,53bd6ac04aafb5f2d1c5ab836325f27e,acc_per_char,1000,0.761,76.1
bf16,BF16 learned-weight control,learned_weight_bf16,learned_weight_bf16,False,2,core_9mcqa_olmes,arc_challenge:mc::olmes,arc_challenge:mc,903ed260afcf0caaf0450b55e69ddf3a,acc_raw,1172,0.2619453924914676,26.194539249146757
bf16,BF16 learned-weight control,learned_weight_bf16,learned_weight_bf16,False,3,core_9mcqa_olmes,arc_challenge:rc::olmes,arc_challenge,cac12ad4468d93ad9fc41cb9599795c6,acc_uncond,1172,0.4931740614334471,49.31740614334471
bf16,BF16 learned-weight control,learned_weight_bf16,learned_weight_bf16,False,4,core_9mcqa_olmes,boolq:mc::olmes,boolq:mc,315dba082fe52a6058cdc5b806550ce4,acc_raw,1000,0.385,38.5
bf16,BF16 learned-weight control,learned_weight_bf16,learned_weight_bf16,False,5,core_9mcqa_olmes,boolq:rc::olmes,boolq,0bfbc3015e70e6dfba1f6b9b266334ba,acc_raw,1000,0.673,67.30000000000001
bf16,BF16 learned-weight control,learned_weight_bf16,learned_weight_bf16,False,6,core_9mcqa_olmes,csqa:mc::olmes,csqa:mc,d0de18d67d31994a2b5e2d2e87918a36,acc_raw,1221,0.19983619983619982,19.98361998361998
bf16,BF16 learned-weight control,learned_weight_bf16,learned_weight_bf16,False,7,core_9mcqa_olmes,csqa:rc::olmes,csqa,095f3f94d29c4f17ff7005f7252ba051,acc_uncond,1221,0.7043407043407044,70.43407043407043
bf16,BF16 learned-weight control,learned_weight_bf16,learned_weight_bf16,False,8,core_9mcqa_olmes,hellaswag:mc::olmes,hellaswag:mc,58011dd35e359a4de96cd11745a16895,acc_raw,1000,0.258,25.8
bf16,BF16 learned-weight control,learned_weight_bf16,learned_weight_bf16,False,9,core_9mcqa_olmes,hellaswag:rc::olmes,hellaswag,126122195b41bf14d9091a9cdd414690,acc_per_char,1000,0.727,72.7
bf16,BF16 learned-weight control,learned_weight_bf16,learned_weight_bf16,False,10,core_9mcqa_olmes,openbookqa:mc::olmes,openbookqa:mc,17ee8b464c2aae92e093fb7096684165,acc_raw,500,0.242,24.2
bf16,BF16 learned-weight control,learned_weight_bf16,learned_weight_bf16,False,11,core_9mcqa_olmes,openbookqa:rc::olmes,openbookqa,8c852627a335c1a263d4bbc6deea2be0,acc_uncond,500,0.516,51.6
bf16,BF16 learned-weight control,learned_weight_bf16,learned_weight_bf16,False,12,core_9mcqa_olmes,piqa:mc::olmes,piqa:mc,f4cc9f661d585e160a1d8eb867cd040c,acc_raw,1000,0.508,50.8
bf16,BF16 learned-weight control,learned_weight_bf16,learned_weight_bf16,False,13,core_9mcqa_olmes,piqa:rc::olmes,piqa,f63d922029758d577fcc9dba83c9de5c,acc_per_char,1000,0.76,76.0
bf16,BF16 learned-weight control,learned_weight_bf16,learned_weight_bf16,False,14,core_9mcqa_olmes,socialiqa:mc::olmes,socialiqa:mc,1f8ad25448306986fa263f77e5966e9e,acc_raw,1000,0.35,35.0
bf16,BF16 learned-weight control,learned_weight_bf16,learned_weight_bf16,False,15,core_9mcqa_olmes,socialiqa:rc::olmes,socialiqa,18e6bcddd3ce25d04e57dc2b321f78c7,acc_per_char,1000,0.572,57.199999999999996
bf16,BF16 learned-weight control,learned_weight_bf16,learned_weight_bf16,False,16,core_9mcqa_olmes,winogrande:mc::olmes,winogrande:mc,dadb31c80b5be4914ed051cd8660191e,acc_raw,1267,0.505130228887135,50.5130228887135
bf16,BF16 learned-weight control,learned_weight_bf16,learned_weight_bf16,False,17,core_9mcqa_olmes,winogrande:rc::olmes,winogrande,9b11ef7f437e610eba48f6d273ed6886,acc_raw,1267,0.6558800315706393,65.58800315706394
bf16,BF16 learned-weight control,learned_weight_bf16,learned_weight_bf16,False,18,mmlu_olmes,mmlu_abstract_algebra:mc::olmes,mmlu_abstract_algebra:mc,77b926c73e62bfb451729f8369068e7d,acc_raw,100,0.25,25.0
bf16,BF16 learned-weight control,learned_weight_bf16,learned_weight_bf16,False,19,mmlu_olmes,mmlu_anatomy:mc::olmes,mmlu_anatomy:mc,3df98cd8b30afac6feb32f0d0c15395a,acc_raw,135,0.17037037037037037,17.037037037037038
bf16,BF16 learned-weight control,learned_weight_bf16,learned_weight_bf16,False,20,mmlu_olmes,mmlu_astronomy:mc::olmes,mmlu_astronomy:mc,4c69c754b323e0755cb7939b84f228ed,acc_raw,152,0.25,25.0
bf16,BF16 learned-weight control,learned_weight_bf16,learned_weight_bf16,False,21,mmlu_olmes,mmlu_business_ethics:mc::olmes,mmlu_business_ethics:mc,87137b826dda58e8ffb978e165f39584,acc_raw,100,0.31,31.0
bf16,BF16 learned-weight control,learned_weight_bf16,learned_weight_bf16,False,22,mmlu_olmes,mmlu_clinical_knowledge:mc::olmes,mmlu_clinical_knowledge:mc,9d6878a0e485f563ac271370eaedecca,acc_raw,265,0.2679245283018868,26.79245283018868
bf16,BF16 learned-weight control,learned_weight_bf16,learned_weight_bf16,False,23,mmlu_olmes,mmlu_college_biology:mc::olmes,mmlu_college_biology:mc,8096d725e82f92b942ae20c48c82f083,acc_raw,144,0.2777777777777778,27.77777777777778
bf16,BF16 learned-weight control,learned_weight_bf16,learned_weight_bf16,False,24,mmlu_olmes,mmlu_college_chemistry:mc::olmes,mmlu_college_chemistry:mc,c81eb9c78ac300cca76358582a1c739b,acc_raw,100,0.24,24.0
bf16,BF16 learned-weight control,learned_weight_bf16,learned_weight_bf16,False,25,mmlu_olmes,mmlu_college_computer_science:mc::olmes,mmlu_college_computer_science:mc,62b92a5477c84fcf987c1798a4ac6144,acc_raw,100,0.24,24.0
bf16,BF16 learned-weight control,learned_weight_bf16,learned_weight_bf16,False,26,mmlu_olmes,mmlu_college_mathematics:mc::olmes,mmlu_college_mathematics:mc,58356a19598345fb1941515d0d9cb55a,acc_raw,100,0.35,35.0
bf16,BF16 learned-weight control,learned_weight_bf16,learned_weight_bf16,False,27,mmlu_olmes,mmlu_college_medicine:mc::olmes,mmlu_college_medicine:mc,42a584dc3ed8ae2ce00c9027c5f13764,acc_raw,173,0.2138728323699422,21.38728323699422
bf16,BF16 learned-weight control,learned_weight_bf16,learned_weight_bf16,False,28,mmlu_olmes,mmlu_college_physics:mc::olmes,mmlu_college_physics:mc,f88df4ad824e68680862d00e429c26a7,acc_raw,102,0.2549019607843137,25.49019607843137
bf16,BF16 learned-weight control,learned_weight_bf16,learned_weight_bf16,False,29,mmlu_olmes,mmlu_computer_security:mc::olmes,mmlu_computer_security:mc,274890b9e6abfcbe5e049394bec76a11,acc_raw,100,0.32,32.0
bf16,BF16 learned-weight control,learned_weight_bf16,learned_weight_bf16,False,30,mmlu_olmes,mmlu_conceptual_physics:mc::olmes,mmlu_conceptual_physics:mc,6519f132a34e21233a8f9f0333f4e555,acc_raw,235,0.26382978723404255,26.382978723404253
bf16,BF16 learned-weight control,learned_weight_bf16,learned_weight_bf16,False,31,mmlu_olmes,mmlu_econometrics:mc::olmes,mmlu_econometrics:mc,91203daf877dfbefa7095516334a1e98,acc_raw,114,0.32456140350877194,32.45614035087719
bf16,BF16 learned-weight control,learned_weight_bf16,learned_weight_bf16,False,32,mmlu_olmes,mmlu_electrical_engineering:mc::olmes,mmlu_electrical_engineering:mc,de26b9c8d62e22f56e8a4d55889a44e3,acc_raw,145,0.2620689655172414,26.20689655172414
bf16,BF16 learned-weight control,learned_weight_bf16,learned_weight_bf16,False,33,mmlu_olmes,mmlu_elementary_mathematics:mc::olmes,mmlu_elementary_mathematics:mc,2fd2518cf837baede6f2f5ba45bb6f96,acc_raw,378,0.24338624338624337,24.33862433862434
bf16,BF16 learned-weight control,learned_weight_bf16,learned_weight_bf16,False,34,mmlu_olmes,mmlu_formal_logic:mc::olmes,mmlu_formal_logic:mc,576d739646e3de210be990be680fc79a,acc_raw,126,0.2222222222222222,22.22222222222222
bf16,BF16 learned-weight control,learned_weight_bf16,learned_weight_bf16,False,35,mmlu_olmes,mmlu_global_facts:mc::olmes,mmlu_global_facts:mc,abe93df0daabe114b8f58bc0403370e9,acc_raw,100,0.31,31.0
bf16,BF16 learned-weight control,learned_weight_bf16,learned_weight_bf16,False,36,mmlu_olmes,mmlu_high_school_biology:mc::olmes,mmlu_high_school_biology:mc,85b9c284bdb7766f8302f5f68ea6d5ea,acc_raw,310,0.3064516129032258,30.64516129032258
bf16,BF16 learned-weight control,learned_weight_bf16,learned_weight_bf16,False,37,mmlu_olmes,mmlu_high_school_chemistry:mc::olmes,mmlu_high_school_chemistry:mc,5827c892e23b58ef2e73b1fff7d82785,acc_raw,203,0.29064039408866993,29.064039408866993
bf16,BF16 learned-weight control,learned_weight_bf16,learned_weight_bf16,False,38,mmlu_olmes,mmlu_high_school_computer_science:mc::olmes,mmlu_high_school_computer_science:mc,6d75fa6123dd1ed66ba94585a8b2bf39,acc_raw,100,0.27,27.0
bf16,BF16 learned-weight control,learned_weight_bf16,learned_weight_bf16,False,39,mmlu_olmes,mmlu_high_school_european_history:mc::olmes,mmlu_high_school_european_history:mc,549d578255eaa95f7f38eda146cc6a6f,acc_raw,165,0.21818181818181817,21.818181818181817
bf16,BF16 learned-weight control,learned_weight_bf16,learned_weight_bf16,False,40,mmlu_olmes,mmlu_high_school_geography:mc::olmes,mmlu_high_school_geography:mc,dc8a2714268b6839e30e7e5079b64427,acc_raw,198,0.21717171717171718,21.71717171717172
bf16,BF16 learned-weight control,learned_weight_bf16,learned_weight_bf16,False,41,mmlu_olmes,mmlu_high_school_government_and_politics:mc::olmes,mmlu_high_school_government_and_politics:mc,8a37fcf03946fe1bc4a34806f2cb5dce,acc_raw,193,0.32642487046632124,32.64248704663213
bf16,BF16 learned-weight control,learned_weight_bf16,learned_weight_bf16,False,42,mmlu_olmes,mmlu_high_school_macroeconomics:mc::olmes,mmlu_high_school_macroeconomics:mc,ccb44607c3c6469cd5fd9989bfcf2c41,acc_raw,390,0.2923076923076923,29.230769230769234
bf16,BF16 learned-weight control,learned_weight_bf16,learned_weight_bf16,False,43,mmlu_olmes,mmlu_high_school_mathematics:mc::olmes,mmlu_high_school_mathematics:mc,75eb1cfdca9c6c512d2654d308f8f680,acc_raw,270,0.2074074074074074,20.74074074074074
bf16,BF16 learned-weight control,learned_weight_bf16,learned_weight_bf16,False,44,mmlu_olmes,mmlu_high_school_microeconomics:mc::olmes,mmlu_high_school_microeconomics:mc,416b805a359dbae1c968cd7473076e01,acc_raw,238,0.2605042016806723,26.05042016806723
bf16,BF16 learned-weight control,learned_weight_bf16,learned_weight_bf16,False,45,mmlu_olmes,mmlu_high_school_physics:mc::olmes,mmlu_high_school_physics:mc,10e66780e9dca3f32aba1ccf99269a3a,acc_raw,151,0.2781456953642384,27.81456953642384
bf16,BF16 learned-weight control,learned_weight_bf16,learned_weight_bf16,False,46,mmlu_olmes,mmlu_high_school_psychology:mc::olmes,mmlu_high_school_psychology:mc,99447030d2ce6ef8805646c1c34fcee4,acc_raw,545,0.22201834862385322,22.201834862385322
bf16,BF16 learned-weight control,learned_weight_bf16,learned_weight_bf16,False,47,mmlu_olmes,mmlu_high_school_statistics:mc::olmes,mmlu_high_school_statistics:mc,c020e14507911b6f3d966cfaad4534f1,acc_raw,216,0.4074074074074074,40.74074074074074
bf16,BF16 learned-weight control,learned_weight_bf16,learned_weight_bf16,False,48,mmlu_olmes,mmlu_high_school_us_history:mc::olmes,mmlu_high_school_us_history:mc,39a904d96d65a2dfbd0510fcea9880d7,acc_raw,204,0.2696078431372549,26.96078431372549
bf16,BF16 learned-weight control,learned_weight_bf16,learned_weight_bf16,False,49,mmlu_olmes,mmlu_high_school_world_history:mc::olmes,mmlu_high_school_world_history:mc,768c5cdb11af17a3440943d9e0b580dd,acc_raw,237,0.24050632911392406,24.050632911392405
bf16,BF16 learned-weight control,learned_weight_bf16,learned_weight_bf16,False,50,mmlu_olmes,mmlu_human_aging:mc::olmes,mmlu_human_aging:mc,93f0df9c8b68127692f1593f33d8a3ef,acc_raw,223,0.33183856502242154,33.18385650224215
bf16,BF16 learned-weight control,learned_weight_bf16,learned_weight_bf16,False,51,mmlu_olmes,mmlu_human_sexuality:mc::olmes,mmlu_human_sexuality:mc,a62edc21ec6f517a598a5dda52e84b43,acc_raw,131,0.26717557251908397,26.717557251908396
bf16,BF16 learned-weight control,learned_weight_bf16,learned_weight_bf16,False,52,mmlu_olmes,mmlu_international_law:mc::olmes,mmlu_international_law:mc,787374b70fc6053820673a14463d3eef,acc_raw,121,0.33884297520661155,33.88429752066116
bf16,BF16 learned-weight control,learned_weight_bf16,learned_weight_bf16,False,53,mmlu_olmes,mmlu_jurisprudence:mc::olmes,mmlu_jurisprudence:mc,62a7a1734abbc37dafe8313b6291d817,acc_raw,108,0.25,25.0
bf16,BF16 learned-weight control,learned_weight_bf16,learned_weight_bf16,False,54,mmlu_olmes,mmlu_logical_fallacies:mc::olmes,mmlu_logical_fallacies:mc,a020032fa288c2fac6168a824df57170,acc_raw,163,0.24539877300613497,24.539877300613497
bf16,BF16 learned-weight control,learned_weight_bf16,learned_weight_bf16,False,55,mmlu_olmes,mmlu_machine_learning:mc::olmes,mmlu_machine_learning:mc,e3d4f22b97438517e698917faccba7da,acc_raw,112,0.25892857142857145,25.892857142857146
bf16,BF16 learned-weight control,learned_weight_bf16,learned_weight_bf16,False,56,mmlu_olmes,mmlu_management:mc::olmes,mmlu_management:mc,04b6414e648a7a3ba8402771facebd9e,acc_raw,103,0.30097087378640774,30.097087378640776
bf16,BF16 learned-weight control,learned_weight_bf16,learned_weight_bf16,False,57,mmlu_olmes,mmlu_marketing:mc::olmes,mmlu_marketing:mc,8e73bf0fb469a9eddfa7a8f258d99873,acc_raw,234,0.2948717948717949,29.48717948717949
bf16,BF16 learned-weight control,learned_weight_bf16,learned_weight_bf16,False,58,mmlu_olmes,mmlu_medical_genetics:mc::olmes,mmlu_medical_genetics:mc,bc9af3a22284b0a0d08e2c6a1f378d22,acc_raw,100,0.28,28.000000000000004
bf16,BF16 learned-weight control,learned_weight_bf16,learned_weight_bf16,False,59,mmlu_olmes,mmlu_miscellaneous:mc::olmes,mmlu_miscellaneous:mc,46b4ac7975c87092b13c0cf2ce85a4d1,acc_raw,783,0.2656449553001277,26.56449553001277
bf16,BF16 learned-weight control,learned_weight_bf16,learned_weight_bf16,False,60,mmlu_olmes,mmlu_moral_disputes:mc::olmes,mmlu_moral_disputes:mc,0664fc5034aba7df0fe1df2d1a217e88,acc_raw,346,0.28034682080924855,28.034682080924856
bf16,BF16 learned-weight control,learned_weight_bf16,learned_weight_bf16,False,61,mmlu_olmes,mmlu_moral_scenarios:mc::olmes,mmlu_moral_scenarios:mc,a2396dc8f3cdb9c9dd5e98fd351e9198,acc_raw,895,0.24022346368715083,24.022346368715084
bf16,BF16 learned-weight control,learned_weight_bf16,learned_weight_bf16,False,62,mmlu_olmes,mmlu_nutrition:mc::olmes,mmlu_nutrition:mc,8b190e2f404b28ca0cd715094e5386b1,acc_raw,306,0.3300653594771242,33.006535947712415
bf16,BF16 learned-weight control,learned_weight_bf16,learned_weight_bf16,False,63,mmlu_olmes,mmlu_philosophy:mc::olmes,mmlu_philosophy:mc,9b517eefa6d090b0622fc18650d70617,acc_raw,311,0.24758842443729903,24.758842443729904
bf16,BF16 learned-weight control,learned_weight_bf16,learned_weight_bf16,False,64,mmlu_olmes,mmlu_prehistory:mc::olmes,mmlu_prehistory:mc,fcfa15d6031340a724aaa21ae383922e,acc_raw,324,0.28703703703703703,28.703703703703702
bf16,BF16 learned-weight control,learned_weight_bf16,learned_weight_bf16,False,65,mmlu_olmes,mmlu_professional_accounting:mc::olmes,mmlu_professional_accounting:mc,233710033ac6f9a2c339a08d7344c9d0,acc_raw,282,0.2730496453900709,27.30496453900709
bf16,BF16 learned-weight control,learned_weight_bf16,learned_weight_bf16,False,66,mmlu_olmes,mmlu_professional_law:mc::olmes,mmlu_professional_law:mc,df18d9512e07e1c6f633ee039a943e23,acc_raw,1534,0.2588005215123859,25.88005215123859
bf16,BF16 learned-weight control,learned_weight_bf16,learned_weight_bf16,False,67,mmlu_olmes,mmlu_professional_medicine:mc::olmes,mmlu_professional_medicine:mc,1e3f139838d69169d5a80ebb58be505a,acc_raw,272,0.2867647058823529,28.676470588235293
bf16,BF16 learned-weight control,learned_weight_bf16,learned_weight_bf16,False,68,mmlu_olmes,mmlu_professional_psychology:mc::olmes,mmlu_professional_psychology:mc,ee984454c2b6c8ce9d942162f4563c66,acc_raw,612,0.2549019607843137,25.49019607843137
bf16,BF16 learned-weight control,learned_weight_bf16,learned_weight_bf16,False,69,mmlu_olmes,mmlu_public_relations:mc::olmes,mmlu_public_relations:mc,8b1e2c5a479ea01b9bf00bbd37ac4cb1,acc_raw,110,0.2545454545454545,25.454545454545453
bf16,BF16 learned-weight control,learned_weight_bf16,learned_weight_bf16,False,70,mmlu_olmes,mmlu_security_studies:mc::olmes,mmlu_security_studies:mc,f45a610fabc63b178d02b9705769e51a,acc_raw,245,0.3673469387755102,36.734693877551024
bf16,BF16 learned-weight control,learned_weight_bf16,learned_weight_bf16,False,71,mmlu_olmes,mmlu_sociology:mc::olmes,mmlu_sociology:mc,ab7475a0c07ff6128f3c340e30a2c48d,acc_raw,201,0.23880597014925373,23.88059701492537
bf16,BF16 learned-weight control,learned_weight_bf16,learned_weight_bf16,False,72,mmlu_olmes,mmlu_us_foreign_policy:mc::olmes,mmlu_us_foreign_policy:mc,e8aaa8bc89da8c987774b45a635a5874,acc_raw,100,0.32,32.0
bf16,BF16 learned-weight control,learned_weight_bf16,learned_weight_bf16,False,73,mmlu_olmes,mmlu_virology:mc::olmes,mmlu_virology:mc,7b03eddd30aced0d2872e78119dce06c,acc_raw,166,0.3493975903614458,34.93975903614458
bf16,BF16 learned-weight control,learned_weight_bf16,learned_weight_bf16,False,74,mmlu_olmes,mmlu_world_religions:mc::olmes,mmlu_world_religions:mc,2b77bb4249a09c916d061ae0d5b378bd,acc_raw,171,0.3567251461988304,35.67251461988304
bf16,BF16 learned-weight control,learned_weight_bf16,learned_weight_bf16,False,75,mmlu_olmes,mmlu_abstract_algebra:rc::olmes,mmlu_abstract_algebra,15700d84a97667659182d75884f934cd,acc_per_char,100,0.28,28.000000000000004
bf16,BF16 learned-weight control,learned_weight_bf16,learned_weight_bf16,False,76,mmlu_olmes,mmlu_anatomy:rc::olmes,mmlu_anatomy,0cdcee2423fbe040b1e5ff34b0af45e6,acc_per_char,135,0.42962962962962964,42.96296296296296
bf16,BF16 learned-weight control,learned_weight_bf16,learned_weight_bf16,False,77,mmlu_olmes,mmlu_astronomy:rc::olmes,mmlu_astronomy,13d838006e583f18e99063d8b219a97b,acc_per_char,152,0.4407894736842105,44.07894736842105
bf16,BF16 learned-weight control,learned_weight_bf16,learned_weight_bf16,False,78,mmlu_olmes,mmlu_business_ethics:rc::olmes,mmlu_business_ethics,715185b32494e985a6dee5becfcd82ac,acc_per_char,100,0.55,55.00000000000001
bf16,BF16 learned-weight control,learned_weight_bf16,learned_weight_bf16,False,79,mmlu_olmes,mmlu_clinical_knowledge:rc::olmes,mmlu_clinical_knowledge,523c347f74ddd79f7fb2c15eee89d4e7,acc_per_char,265,0.41509433962264153,41.509433962264154
bf16,BF16 learned-weight control,learned_weight_bf16,learned_weight_bf16,False,80,mmlu_olmes,mmlu_college_biology:rc::olmes,mmlu_college_biology,966e8cfd13dcf0edc71778a03a922090,acc_per_char,144,0.4583333333333333,45.83333333333333
bf16,BF16 learned-weight control,learned_weight_bf16,learned_weight_bf16,False,81,mmlu_olmes,mmlu_college_chemistry:rc::olmes,mmlu_college_chemistry,70f725b1d196bca595c7b851cdcc6644,acc_per_char,100,0.29,28.999999999999996
bf16,BF16 learned-weight control,learned_weight_bf16,learned_weight_bf16,False,82,mmlu_olmes,mmlu_college_computer_science:rc::olmes,mmlu_college_computer_science,eb1e7cea65f6797185cc87483e3f19fe,acc_per_char,100,0.28,28.000000000000004
bf16,BF16 learned-weight control,learned_weight_bf16,learned_weight_bf16,False,83,mmlu_olmes,mmlu_college_mathematics:rc::olmes,mmlu_college_mathematics,18dd2cd649daf7a06132d51a6e17c35d,acc_per_char,100,0.27,27.0
bf16,BF16 learned-weight control,learned_weight_bf16,learned_weight_bf16,False,84,mmlu_olmes,mmlu_college_medicine:rc::olmes,mmlu_college_medicine,d92b222841c28a98039763c60b61ee73,acc_per_char,173,0.3699421965317919,36.99421965317919
bf16,BF16 learned-weight control,learned_weight_bf16,learned_weight_bf16,False,85,mmlu_olmes,mmlu_college_physics:rc::olmes,mmlu_college_physics,63cbfbf37f8fcf7fd03052712d5b5d24,acc_per_char,102,0.2549019607843137,25.49019607843137
bf16,BF16 learned-weight control,learned_weight_bf16,learned_weight_bf16,False,86,mmlu_olmes,mmlu_computer_security:rc::olmes,mmlu_computer_security,95adfb15effac11bb4b7b4312e8c2a05,acc_per_char,100,0.54,54.0
bf16,BF16 learned-weight control,learned_weight_bf16,learned_weight_bf16,False,87,mmlu_olmes,mmlu_conceptual_physics:rc::olmes,mmlu_conceptual_physics,567f44d0f94d8fa4a0119c131e858075,acc_per_char,235,0.4340425531914894,43.40425531914894
bf16,BF16 learned-weight control,learned_weight_bf16,learned_weight_bf16,False,88,mmlu_olmes,mmlu_econometrics:rc::olmes,mmlu_econometrics,cb799ab80dc053a353c3bcc7b9386abf,acc_per_char,114,0.32456140350877194,32.45614035087719
bf16,BF16 learned-weight control,learned_weight_bf16,learned_weight_bf16,False,89,mmlu_olmes,mmlu_electrical_engineering:rc::olmes,mmlu_electrical_engineering,15723c065162a191867085b670c56b73,acc_per_char,145,0.3586206896551724,35.86206896551724
bf16,BF16 learned-weight control,learned_weight_bf16,learned_weight_bf16,False,90,mmlu_olmes,mmlu_elementary_mathematics:rc::olmes,mmlu_elementary_mathematics,b17cb50df9dc3885e7dbcb4fef405683,acc_per_char,378,0.34656084656084657,34.65608465608466
bf16,BF16 learned-weight control,learned_weight_bf16,learned_weight_bf16,False,91,mmlu_olmes,mmlu_formal_logic:rc::olmes,mmlu_formal_logic,82b5ac945cc5c2f1cb54beff73486830,acc_per_char,126,0.3253968253968254,32.53968253968254
bf16,BF16 learned-weight control,learned_weight_bf16,learned_weight_bf16,False,92,mmlu_olmes,mmlu_global_facts:rc::olmes,mmlu_global_facts,5acad514fa0105c06b71f6c924ef5b04,acc_per_char,100,0.34,34.0
bf16,BF16 learned-weight control,learned_weight_bf16,learned_weight_bf16,False,93,mmlu_olmes,mmlu_high_school_biology:rc::olmes,mmlu_high_school_biology,d8ddda6f3e5c7889d7d36ff8dd51cc52,acc_per_char,310,0.4645161290322581,46.45161290322581
bf16,BF16 learned-weight control,learned_weight_bf16,learned_weight_bf16,False,94,mmlu_olmes,mmlu_high_school_chemistry:rc::olmes,mmlu_high_school_chemistry,b905822505fc6bf87ee81088ffd93b9f,acc_per_char,203,0.2413793103448276,24.137931034482758
bf16,BF16 learned-weight control,learned_weight_bf16,learned_weight_bf16,False,95,mmlu_olmes,mmlu_high_school_computer_science:rc::olmes,mmlu_high_school_computer_science,1f6e4443a6932f4e6c85ae1ee2ea6857,acc_per_char,100,0.33,33.0
bf16,BF16 learned-weight control,learned_weight_bf16,learned_weight_bf16,False,96,mmlu_olmes,mmlu_high_school_european_history:rc::olmes,mmlu_high_school_european_history,297df68d8b8abb3dac4039039adf6936,acc_per_char,165,0.48484848484848486,48.484848484848484
bf16,BF16 learned-weight control,learned_weight_bf16,learned_weight_bf16,False,97,mmlu_olmes,mmlu_high_school_geography:rc::olmes,mmlu_high_school_geography,09a0ea8c0d69e87db9d64b78e47808da,acc_per_char,198,0.48484848484848486,48.484848484848484
bf16,BF16 learned-weight control,learned_weight_bf16,learned_weight_bf16,False,98,mmlu_olmes,mmlu_high_school_government_and_politics:rc::olmes,mmlu_high_school_government_and_politics,690e157a2167b4be83aeb3025e100359,acc_per_char,193,0.533678756476684,53.36787564766839
bf16,BF16 learned-weight control,learned_weight_bf16,learned_weight_bf16,False,99,mmlu_olmes,mmlu_high_school_macroeconomics:rc::olmes,mmlu_high_school_macroeconomics,5cd50ebcbec63cd7b59273fb53e145a2,acc_per_char,390,0.40512820512820513,40.51282051282051
bf16,BF16 learned-weight control,learned_weight_bf16,learned_weight_bf16,False,100,mmlu_olmes,mmlu_high_school_mathematics:rc::olmes,mmlu_high_school_mathematics,0a5104b0df6138995e01f4d9e30bf3bc,acc_per_char,270,0.2037037037037037,20.37037037037037
bf16,BF16 learned-weight control,learned_weight_bf16,learned_weight_bf16,False,101,mmlu_olmes,mmlu_high_school_microeconomics:rc::olmes,mmlu_high_school_microeconomics,47974510bc14d32dee9c1ae0da6aa77c,acc_per_char,238,0.453781512605042,45.378151260504204
bf16,BF16 learned-weight control,learned_weight_bf16,learned_weight_bf16,False,102,mmlu_olmes,mmlu_high_school_physics:rc::olmes,mmlu_high_school_physics,70926d73081fbee1ee38fc002891a21a,acc_per_char,151,0.2185430463576159,21.85430463576159
bf16,BF16 learned-weight control,learned_weight_bf16,learned_weight_bf16,False,103,mmlu_olmes,mmlu_high_school_psychology:rc::olmes,mmlu_high_school_psychology,63dd68a97d1abf7f719137d6f0d45d73,acc_per_char,545,0.5798165137614679,57.98165137614679
bf16,BF16 learned-weight control,learned_weight_bf16,learned_weight_bf16,False,104,mmlu_olmes,mmlu_high_school_statistics:rc::olmes,mmlu_high_school_statistics,b25c8a521d2fb1d28a97e478d686eeaa,acc_per_char,216,0.32407407407407407,32.407407407407405
bf16,BF16 learned-weight control,learned_weight_bf16,learned_weight_bf16,False,105,mmlu_olmes,mmlu_high_school_us_history:rc::olmes,mmlu_high_school_us_history,8290ed79cc88afc721c6f79b7318f541,acc_per_char,204,0.45588235294117646,45.588235294117645
bf16,BF16 learned-weight control,learned_weight_bf16,learned_weight_bf16,False,106,mmlu_olmes,mmlu_high_school_world_history:rc::olmes,mmlu_high_school_world_history,934305afb0d486dcc158182788d0acfb,acc_per_char,237,0.45569620253164556,45.56962025316456
bf16,BF16 learned-weight control,learned_weight_bf16,learned_weight_bf16,False,107,mmlu_olmes,mmlu_human_aging:rc::olmes,mmlu_human_aging,8d2b538449931b69b893e86b7416a7e7,acc_per_char,223,0.47085201793721976,47.08520179372198
bf16,BF16 learned-weight control,learned_weight_bf16,learned_weight_bf16,False,108,mmlu_olmes,mmlu_human_sexuality:rc::olmes,mmlu_human_sexuality,88583bc91896ae15628a7050a8e8a08e,acc_per_char,131,0.4351145038167939,43.51145038167939
bf16,BF16 learned-weight control,learned_weight_bf16,learned_weight_bf16,False,109,mmlu_olmes,mmlu_international_law:rc::olmes,mmlu_international_law,13a4e0bd7a029f10d0e8f9f01f60652e,acc_per_char,121,0.371900826446281,37.1900826446281
bf16,BF16 learned-weight control,learned_weight_bf16,learned_weight_bf16,False,110,mmlu_olmes,mmlu_jurisprudence:rc::olmes,mmlu_jurisprudence,4bb149c58cd53f521d90f628858862ab,acc_per_char,108,0.37962962962962965,37.96296296296296
bf16,BF16 learned-weight control,learned_weight_bf16,learned_weight_bf16,False,111,mmlu_olmes,mmlu_logical_fallacies:rc::olmes,mmlu_logical_fallacies,d0506b820ec8299d87c27079f988edb9,acc_per_char,163,0.4539877300613497,45.39877300613497
bf16,BF16 learned-weight control,learned_weight_bf16,learned_weight_bf16,False,112,mmlu_olmes,mmlu_machine_learning:rc::olmes,mmlu_machine_learning,d6289aec8cc57955804f5bdd7d78a0ab,acc_per_char,112,0.25,25.0
bf16,BF16 learned-weight control,learned_weight_bf16,learned_weight_bf16,False,113,mmlu_olmes,mmlu_management:rc::olmes,mmlu_management,5fdf48777d60532ea48c4228971ab9ce,acc_per_char,103,0.5533980582524272,55.33980582524271
bf16,BF16 learned-weight control,learned_weight_bf16,learned_weight_bf16,False,114,mmlu_olmes,mmlu_marketing:rc::olmes,mmlu_marketing,ec59840b552e1b522ddcc91ebdd6bcdb,acc_per_char,234,0.5512820512820513,55.12820512820513
bf16,BF16 learned-weight control,learned_weight_bf16,learned_weight_bf16,False,115,mmlu_olmes,mmlu_medical_genetics:rc::olmes,mmlu_medical_genetics,d21901ce2a60dd0484298f1929cd69e8,acc_per_char,100,0.49,49.0
bf16,BF16 learned-weight control,learned_weight_bf16,learned_weight_bf16,False,116,mmlu_olmes,mmlu_miscellaneous:rc::olmes,mmlu_miscellaneous,53ccadb71923b35e1dfa8d894e2e3fc4,acc_per_char,783,0.6015325670498084,60.15325670498084
bf16,BF16 learned-weight control,learned_weight_bf16,learned_weight_bf16,False,117,mmlu_olmes,mmlu_moral_disputes:rc::olmes,mmlu_moral_disputes,819a39344d1c377340e72e649cabebe9,acc_per_char,346,0.34104046242774566,34.104046242774565
bf16,BF16 learned-weight control,learned_weight_bf16,learned_weight_bf16,False,118,mmlu_olmes,mmlu_moral_scenarios:rc::olmes,mmlu_moral_scenarios,cc409292717ac8649a1cd0cd7dc9fc73,acc_per_char,895,0.27262569832402234,27.262569832402235
bf16,BF16 learned-weight control,learned_weight_bf16,learned_weight_bf16,False,119,mmlu_olmes,mmlu_nutrition:rc::olmes,mmlu_nutrition,61f9d819256c12d6bc8d289c7483b9c3,acc_per_char,306,0.3431372549019608,34.31372549019608
bf16,BF16 learned-weight control,learned_weight_bf16,learned_weight_bf16,False,120,mmlu_olmes,mmlu_philosophy:rc::olmes,mmlu_philosophy,7b23cc5f2ff6984858f9f5ba128b8216,acc_per_char,311,0.43729903536977494,43.729903536977496
bf16,BF16 learned-weight control,learned_weight_bf16,learned_weight_bf16,False,121,mmlu_olmes,mmlu_prehistory:rc::olmes,mmlu_prehistory,48fd13dbcd0c721b8d69339ee8209f97,acc_per_char,324,0.42592592592592593,42.592592592592595
bf16,BF16 learned-weight control,learned_weight_bf16,learned_weight_bf16,False,122,mmlu_olmes,mmlu_professional_accounting:rc::olmes,mmlu_professional_accounting,57a5dba0840cc14c94ed31f79dee4ac7,acc_per_char,282,0.26595744680851063,26.595744680851062
bf16,BF16 learned-weight control,learned_weight_bf16,learned_weight_bf16,False,123,mmlu_olmes,mmlu_professional_law:rc::olmes,mmlu_professional_law,56030e99119525ae79b8abf107affc40,acc_per_char,1534,0.2907431551499348,29.074315514993483
bf16,BF16 learned-weight control,learned_weight_bf16,learned_weight_bf16,False,124,mmlu_olmes,mmlu_professional_medicine:rc::olmes,mmlu_professional_medicine,2b0232ca5abb81ded631049ad557a96e,acc_per_char,272,0.38235294117647056,38.23529411764706
bf16,BF16 learned-weight control,learned_weight_bf16,learned_weight_bf16,False,125,mmlu_olmes,mmlu_professional_psychology:rc::olmes,mmlu_professional_psychology,77f07f47e032860fc6442c27cde81ac5,acc_per_char,612,0.39215686274509803,39.21568627450981
bf16,BF16 learned-weight control,learned_weight_bf16,learned_weight_bf16,False,126,mmlu_olmes,mmlu_public_relations:rc::olmes,mmlu_public_relations,b3d8e8d8619b36ec8f35ac6eedd1d242,acc_per_char,110,0.38181818181818183,38.18181818181819
bf16,BF16 learned-weight control,learned_weight_bf16,learned_weight_bf16,False,127,mmlu_olmes,mmlu_security_studies:rc::olmes,mmlu_security_studies,a7d55a48b6fa8697683abd6458dd2310,acc_per_char,245,0.2857142857142857,28.57142857142857
bf16,BF16 learned-weight control,learned_weight_bf16,learned_weight_bf16,False,128,mmlu_olmes,mmlu_sociology:rc::olmes,mmlu_sociology,b30a972cad094aa6687f34495f4f5d9d,acc_per_char,201,0.3781094527363184,37.81094527363184
bf16,BF16 learned-weight control,learned_weight_bf16,learned_weight_bf16,False,129,mmlu_olmes,mmlu_us_foreign_policy:rc::olmes,mmlu_us_foreign_policy,14c587e70a64652d43ccb2972a2ee520,acc_per_char,100,0.46,46.0
bf16,BF16 learned-weight control,learned_weight_bf16,learned_weight_bf16,False,130,mmlu_olmes,mmlu_virology:rc::olmes,mmlu_virology,de01c561afecb3cde13432a3ccf073b6,acc_per_char,166,0.3614457831325301,36.144578313253014
bf16,BF16 learned-weight control,learned_weight_bf16,learned_weight_bf16,False,131,mmlu_olmes,mmlu_world_religions:rc::olmes,mmlu_world_religions,fa1acd404b2bda70e3664747e3c3db22,acc_per_char,171,0.672514619883041,67.2514619883041
bf16,BF16 learned-weight control,learned_weight_bf16,learned_weight_bf16,False,132,mmlu_pro_mc,mmlu_pro_math:mc::none,mmlu_pro_math,2f02776911c1a63e3bf3c96fbeeeccff,acc_raw,1351,0.11917098445595854,11.917098445595855
bf16,BF16 learned-weight control,learned_weight_bf16,learned_weight_bf16,False,133,mmlu_pro_mc,mmlu_pro_health:mc::none,mmlu_pro_health,b12866ee79da1af676f9ef6d2cc6a223,acc_raw,818,0.11124694376528117,11.124694376528117
bf16,BF16 learned-weight control,learned_weight_bf16,learned_weight_bf16,False,134,mmlu_pro_mc,mmlu_pro_physics:mc::none,mmlu_pro_physics,afe121df881d1e4e6ed6086e76d3e22a,acc_raw,1299,0.10469591993841416,10.469591993841416
bf16,BF16 learned-weight control,learned_weight_bf16,learned_weight_bf16,False,135,mmlu_pro_mc,mmlu_pro_business:mc::none,mmlu_pro_business,8bcb1367c4dde160afbaf772d2920c42,acc_raw,789,0.09125475285171103,9.125475285171103
bf16,BF16 learned-weight control,learned_weight_bf16,learned_weight_bf16,False,136,mmlu_pro_mc,mmlu_pro_biology:mc::none,mmlu_pro_biology,04a6eab9701cdeacd44a1ce81b45c5e6,acc_raw,717,0.10739191073919108,10.739191073919107
bf16,BF16 learned-weight control,learned_weight_bf16,learned_weight_bf16,False,137,mmlu_pro_mc,mmlu_pro_chemistry:mc::none,mmlu_pro_chemistry,7e12262fe7a703eb0b277aba4d3522e3,acc_raw,1132,0.11395759717314488,11.395759717314489
bf16,BF16 learned-weight control,learned_weight_bf16,learned_weight_bf16,False,138,mmlu_pro_mc,mmlu_pro_computer science:mc::none,mmlu_pro_computer science,2b87f63e753ec559787205262fa3cfd6,acc_raw,410,0.0975609756097561,9.75609756097561
bf16,BF16 learned-weight control,learned_weight_bf16,learned_weight_bf16,False,139,mmlu_pro_mc,mmlu_pro_economics:mc::none,mmlu_pro_economics,1f244c402cf1d30b526aeb45853fcd6d,acc_raw,844,0.12203791469194313,12.203791469194313
bf16,BF16 learned-weight control,learned_weight_bf16,learned_weight_bf16,False,140,mmlu_pro_mc,mmlu_pro_engineering:mc::none,mmlu_pro_engineering,54bbb809be7d6561080cd2de064b5ae0,acc_raw,969,0.11145510835913312,11.145510835913312
bf16,BF16 learned-weight control,learned_weight_bf16,learned_weight_bf16,False,141,mmlu_pro_mc,mmlu_pro_philosophy:mc::none,mmlu_pro_philosophy,5b7c6ac776a56489682222be6f541625,acc_raw,499,0.13226452905811623,13.226452905811623
bf16,BF16 learned-weight control,learned_weight_bf16,learned_weight_bf16,False,142,mmlu_pro_mc,mmlu_pro_other:mc::none,mmlu_pro_other,0b6ca1930bca1d0f42dc530297c7f613,acc_raw,924,0.12121212121212122,12.121212121212121
bf16,BF16 learned-weight control,learned_weight_bf16,learned_weight_bf16,False,143,mmlu_pro_mc,mmlu_pro_history:mc::none,mmlu_pro_history,12ff9c5cffacabb6082bd196f004bdc7,acc_raw,381,0.12860892388451445,12.860892388451445
bf16,BF16 learned-weight control,learned_weight_bf16,learned_weight_bf16,False,144,mmlu_pro_mc,mmlu_pro_psychology:mc::none,mmlu_pro_psychology,6b377ac052d6e9c0346a30a4c109d290,acc_raw,798,0.09774436090225563,9.774436090225564
bf16,BF16 learned-weight control,learned_weight_bf16,learned_weight_bf16,False,145,mmlu_pro_mc,mmlu_pro_law:mc::none,mmlu_pro_law,7e5b61df22d557ef28caee941b91aa69,acc_raw,1101,0.11807447774750227,11.807447774750226
ue5m3_proposed_b16,"Proposed UE5M3 FP4, B=16, cold D=50",fp4_activation_training_replay_d50,quantized_ue5m3_fp4,True,0,core_9mcqa_olmes,arc_easy:mc::olmes,arc_easy:mc,c8c246d1822e8ad46441536ef5c4f4f3,acc_raw,1000,0.255,25.5
ue5m3_proposed_b16,"Proposed UE5M3 FP4, B=16, cold D=50",fp4_activation_training_replay_d50,quantized_ue5m3_fp4,True,1,core_9mcqa_olmes,arc_easy:rc::olmes,arc_easy,53bd6ac04aafb5f2d1c5ab836325f27e,acc_per_char,1000,0.747,74.7
ue5m3_proposed_b16,"Proposed UE5M3 FP4, B=16, cold D=50",fp4_activation_training_replay_d50,quantized_ue5m3_fp4,True,2,core_9mcqa_olmes,arc_challenge:mc::olmes,arc_challenge:mc,903ed260afcf0caaf0450b55e69ddf3a,acc_raw,1172,0.2440273037542662,24.40273037542662
ue5m3_proposed_b16,"Proposed UE5M3 FP4, B=16, cold D=50",fp4_activation_training_replay_d50,quantized_ue5m3_fp4,True,3,core_9mcqa_olmes,arc_challenge:rc::olmes,arc_challenge,cac12ad4468d93ad9fc41cb9599795c6,acc_uncond,1172,0.4564846416382253,45.648464163822524
ue5m3_proposed_b16,"Proposed UE5M3 FP4, B=16, cold D=50",fp4_activation_training_replay_d50,quantized_ue5m3_fp4,True,4,core_9mcqa_olmes,boolq:mc::olmes,boolq:mc,315dba082fe52a6058cdc5b806550ce4,acc_raw,1000,0.567,56.699999999999996
ue5m3_proposed_b16,"Proposed UE5M3 FP4, B=16, cold D=50",fp4_activation_training_replay_d50,quantized_ue5m3_fp4,True,5,core_9mcqa_olmes,boolq:rc::olmes,boolq,0bfbc3015e70e6dfba1f6b9b266334ba,acc_raw,1000,0.65,65.0
ue5m3_proposed_b16,"Proposed UE5M3 FP4, B=16, cold D=50",fp4_activation_training_replay_d50,quantized_ue5m3_fp4,True,6,core_9mcqa_olmes,csqa:mc::olmes,csqa:mc,d0de18d67d31994a2b5e2d2e87918a36,acc_raw,1221,0.21212121212121213,21.21212121212121
ue5m3_proposed_b16,"Proposed UE5M3 FP4, B=16, cold D=50",fp4_activation_training_replay_d50,quantized_ue5m3_fp4,True,7,core_9mcqa_olmes,csqa:rc::olmes,csqa,095f3f94d29c4f17ff7005f7252ba051,acc_uncond,1221,0.6576576576576577,65.76576576576578
ue5m3_proposed_b16,"Proposed UE5M3 FP4, B=16, cold D=50",fp4_activation_training_replay_d50,quantized_ue5m3_fp4,True,8,core_9mcqa_olmes,hellaswag:mc::olmes,hellaswag:mc,58011dd35e359a4de96cd11745a16895,acc_raw,1000,0.242,24.2
ue5m3_proposed_b16,"Proposed UE5M3 FP4, B=16, cold D=50",fp4_activation_training_replay_d50,quantized_ue5m3_fp4,True,9,core_9mcqa_olmes,hellaswag:rc::olmes,hellaswag,126122195b41bf14d9091a9cdd414690,acc_per_char,1000,0.71,71.0
ue5m3_proposed_b16,"Proposed UE5M3 FP4, B=16, cold D=50",fp4_activation_training_replay_d50,quantized_ue5m3_fp4,True,10,core_9mcqa_olmes,openbookqa:mc::olmes,openbookqa:mc,17ee8b464c2aae92e093fb7096684165,acc_raw,500,0.268,26.8
ue5m3_proposed_b16,"Proposed UE5M3 FP4, B=16, cold D=50",fp4_activation_training_replay_d50,quantized_ue5m3_fp4,True,11,core_9mcqa_olmes,openbookqa:rc::olmes,openbookqa,8c852627a335c1a263d4bbc6deea2be0,acc_uncond,500,0.55,55.00000000000001
ue5m3_proposed_b16,"Proposed UE5M3 FP4, B=16, cold D=50",fp4_activation_training_replay_d50,quantized_ue5m3_fp4,True,12,core_9mcqa_olmes,piqa:mc::olmes,piqa:mc,f4cc9f661d585e160a1d8eb867cd040c,acc_raw,1000,0.504,50.4
ue5m3_proposed_b16,"Proposed UE5M3 FP4, B=16, cold D=50",fp4_activation_training_replay_d50,quantized_ue5m3_fp4,True,13,core_9mcqa_olmes,piqa:rc::olmes,piqa,f63d922029758d577fcc9dba83c9de5c,acc_per_char,1000,0.758,75.8
ue5m3_proposed_b16,"Proposed UE5M3 FP4, B=16, cold D=50",fp4_activation_training_replay_d50,quantized_ue5m3_fp4,True,14,core_9mcqa_olmes,socialiqa:mc::olmes,socialiqa:mc,1f8ad25448306986fa263f77e5966e9e,acc_raw,1000,0.308,30.8
ue5m3_proposed_b16,"Proposed UE5M3 FP4, B=16, cold D=50",fp4_activation_training_replay_d50,quantized_ue5m3_fp4,True,15,core_9mcqa_olmes,socialiqa:rc::olmes,socialiqa,18e6bcddd3ce25d04e57dc2b321f78c7,acc_per_char,1000,0.561,56.10000000000001
ue5m3_proposed_b16,"Proposed UE5M3 FP4, B=16, cold D=50",fp4_activation_training_replay_d50,quantized_ue5m3_fp4,True,16,core_9mcqa_olmes,winogrande:mc::olmes,winogrande:mc,dadb31c80b5be4914ed051cd8660191e,acc_raw,1267,0.5224940805051302,52.249408050513026
ue5m3_proposed_b16,"Proposed UE5M3 FP4, B=16, cold D=50",fp4_activation_training_replay_d50,quantized_ue5m3_fp4,True,17,core_9mcqa_olmes,winogrande:rc::olmes,winogrande,9b11ef7f437e610eba48f6d273ed6886,acc_raw,1267,0.6535122336227308,65.35122336227307
ue5m3_proposed_b16,"Proposed UE5M3 FP4, B=16, cold D=50",fp4_activation_training_replay_d50,quantized_ue5m3_fp4,True,18,mmlu_olmes,mmlu_abstract_algebra:mc::olmes,mmlu_abstract_algebra:mc,77b926c73e62bfb451729f8369068e7d,acc_raw,100,0.26,26.0
ue5m3_proposed_b16,"Proposed UE5M3 FP4, B=16, cold D=50",fp4_activation_training_replay_d50,quantized_ue5m3_fp4,True,19,mmlu_olmes,mmlu_anatomy:mc::olmes,mmlu_anatomy:mc,3df98cd8b30afac6feb32f0d0c15395a,acc_raw,135,0.17777777777777778,17.77777777777778
ue5m3_proposed_b16,"Proposed UE5M3 FP4, B=16, cold D=50",fp4_activation_training_replay_d50,quantized_ue5m3_fp4,True,20,mmlu_olmes,mmlu_astronomy:mc::olmes,mmlu_astronomy:mc,4c69c754b323e0755cb7939b84f228ed,acc_raw,152,0.25,25.0
ue5m3_proposed_b16,"Proposed UE5M3 FP4, B=16, cold D=50",fp4_activation_training_replay_d50,quantized_ue5m3_fp4,True,21,mmlu_olmes,mmlu_business_ethics:mc::olmes,mmlu_business_ethics:mc,87137b826dda58e8ffb978e165f39584,acc_raw,100,0.24,24.0
ue5m3_proposed_b16,"Proposed UE5M3 FP4, B=16, cold D=50",fp4_activation_training_replay_d50,quantized_ue5m3_fp4,True,22,mmlu_olmes,mmlu_clinical_knowledge:mc::olmes,mmlu_clinical_knowledge:mc,9d6878a0e485f563ac271370eaedecca,acc_raw,265,0.23018867924528302,23.0188679245283
ue5m3_proposed_b16,"Proposed UE5M3 FP4, B=16, cold D=50",fp4_activation_training_replay_d50,quantized_ue5m3_fp4,True,23,mmlu_olmes,mmlu_college_biology:mc::olmes,mmlu_college_biology:mc,8096d725e82f92b942ae20c48c82f083,acc_raw,144,0.20833333333333334,20.833333333333336
ue5m3_proposed_b16,"Proposed UE5M3 FP4, B=16, cold D=50",fp4_activation_training_replay_d50,quantized_ue5m3_fp4,True,24,mmlu_olmes,mmlu_college_chemistry:mc::olmes,mmlu_college_chemistry:mc,c81eb9c78ac300cca76358582a1c739b,acc_raw,100,0.18,18.0
ue5m3_proposed_b16,"Proposed UE5M3 FP4, B=16, cold D=50",fp4_activation_training_replay_d50,quantized_ue5m3_fp4,True,25,mmlu_olmes,mmlu_college_computer_science:mc::olmes,mmlu_college_computer_science:mc,62b92a5477c84fcf987c1798a4ac6144,acc_raw,100,0.27,27.0
ue5m3_proposed_b16,"Proposed UE5M3 FP4, B=16, cold D=50",fp4_activation_training_replay_d50,quantized_ue5m3_fp4,True,26,mmlu_olmes,mmlu_college_mathematics:mc::olmes,mmlu_college_mathematics:mc,58356a19598345fb1941515d0d9cb55a,acc_raw,100,0.18,18.0
ue5m3_proposed_b16,"Proposed UE5M3 FP4, B=16, cold D=50",fp4_activation_training_replay_d50,quantized_ue5m3_fp4,True,27,mmlu_olmes,mmlu_college_medicine:mc::olmes,mmlu_college_medicine:mc,42a584dc3ed8ae2ce00c9027c5f13764,acc_raw,173,0.26011560693641617,26.011560693641616
ue5m3_proposed_b16,"Proposed UE5M3 FP4, B=16, cold D=50",fp4_activation_training_replay_d50,quantized_ue5m3_fp4,True,28,mmlu_olmes,mmlu_college_physics:mc::olmes,mmlu_college_physics:mc,f88df4ad824e68680862d00e429c26a7,acc_raw,102,0.23529411764705882,23.52941176470588
ue5m3_proposed_b16,"Proposed UE5M3 FP4, B=16, cold D=50",fp4_activation_training_replay_d50,quantized_ue5m3_fp4,True,29,mmlu_olmes,mmlu_computer_security:mc::olmes,mmlu_computer_security:mc,274890b9e6abfcbe5e049394bec76a11,acc_raw,100,0.22,22.0
ue5m3_proposed_b16,"Proposed UE5M3 FP4, B=16, cold D=50",fp4_activation_training_replay_d50,quantized_ue5m3_fp4,True,30,mmlu_olmes,mmlu_conceptual_physics:mc::olmes,mmlu_conceptual_physics:mc,6519f132a34e21233a8f9f0333f4e555,acc_raw,235,0.2297872340425532,22.97872340425532
ue5m3_proposed_b16,"Proposed UE5M3 FP4, B=16, cold D=50",fp4_activation_training_replay_d50,quantized_ue5m3_fp4,True,31,mmlu_olmes,mmlu_econometrics:mc::olmes,mmlu_econometrics:mc,91203daf877dfbefa7095516334a1e98,acc_raw,114,0.23684210526315788,23.684210526315788
ue5m3_proposed_b16,"Proposed UE5M3 FP4, B=16, cold D=50",fp4_activation_training_replay_d50,quantized_ue5m3_fp4,True,32,mmlu_olmes,mmlu_electrical_engineering:mc::olmes,mmlu_electrical_engineering:mc,de26b9c8d62e22f56e8a4d55889a44e3,acc_raw,145,0.2482758620689655,24.82758620689655
ue5m3_proposed_b16,"Proposed UE5M3 FP4, B=16, cold D=50",fp4_activation_training_replay_d50,quantized_ue5m3_fp4,True,33,mmlu_olmes,mmlu_elementary_mathematics:mc::olmes,mmlu_elementary_mathematics:mc,2fd2518cf837baede6f2f5ba45bb6f96,acc_raw,378,0.24338624338624337,24.33862433862434
ue5m3_proposed_b16,"Proposed UE5M3 FP4, B=16, cold D=50",fp4_activation_training_replay_d50,quantized_ue5m3_fp4,True,34,mmlu_olmes,mmlu_formal_logic:mc::olmes,mmlu_formal_logic:mc,576d739646e3de210be990be680fc79a,acc_raw,126,0.1746031746031746,17.46031746031746
ue5m3_proposed_b16,"Proposed UE5M3 FP4, B=16, cold D=50",fp4_activation_training_replay_d50,quantized_ue5m3_fp4,True,35,mmlu_olmes,mmlu_global_facts:mc::olmes,mmlu_global_facts:mc,abe93df0daabe114b8f58bc0403370e9,acc_raw,100,0.24,24.0
ue5m3_proposed_b16,"Proposed UE5M3 FP4, B=16, cold D=50",fp4_activation_training_replay_d50,quantized_ue5m3_fp4,True,36,mmlu_olmes,mmlu_high_school_biology:mc::olmes,mmlu_high_school_biology:mc,85b9c284bdb7766f8302f5f68ea6d5ea,acc_raw,310,0.23548387096774193,23.548387096774192
ue5m3_proposed_b16,"Proposed UE5M3 FP4, B=16, cold D=50",fp4_activation_training_replay_d50,quantized_ue5m3_fp4,True,37,mmlu_olmes,mmlu_high_school_chemistry:mc::olmes,mmlu_high_school_chemistry:mc,5827c892e23b58ef2e73b1fff7d82785,acc_raw,203,0.21182266009852216,21.182266009852217
ue5m3_proposed_b16,"Proposed UE5M3 FP4, B=16, cold D=50",fp4_activation_training_replay_d50,quantized_ue5m3_fp4,True,38,mmlu_olmes,mmlu_high_school_computer_science:mc::olmes,mmlu_high_school_computer_science:mc,6d75fa6123dd1ed66ba94585a8b2bf39,acc_raw,100,0.29,28.999999999999996
ue5m3_proposed_b16,"Proposed UE5M3 FP4, B=16, cold D=50",fp4_activation_training_replay_d50,quantized_ue5m3_fp4,True,39,mmlu_olmes,mmlu_high_school_european_history:mc::olmes,mmlu_high_school_european_history:mc,549d578255eaa95f7f38eda146cc6a6f,acc_raw,165,0.24848484848484848,24.848484848484848
ue5m3_proposed_b16,"Proposed UE5M3 FP4, B=16, cold D=50",fp4_activation_training_replay_d50,quantized_ue5m3_fp4,True,40,mmlu_olmes,mmlu_high_school_geography:mc::olmes,mmlu_high_school_geography:mc,dc8a2714268b6839e30e7e5079b64427,acc_raw,198,0.18686868686868688,18.68686868686869
ue5m3_proposed_b16,"Proposed UE5M3 FP4, B=16, cold D=50",fp4_activation_training_replay_d50,quantized_ue5m3_fp4,True,41,mmlu_olmes,mmlu_high_school_government_and_politics:mc::olmes,mmlu_high_school_government_and_politics:mc,8a37fcf03946fe1bc4a34806f2cb5dce,acc_raw,193,0.29015544041450775,29.015544041450774
ue5m3_proposed_b16,"Proposed UE5M3 FP4, B=16, cold D=50",fp4_activation_training_replay_d50,quantized_ue5m3_fp4,True,42,mmlu_olmes,mmlu_high_school_macroeconomics:mc::olmes,mmlu_high_school_macroeconomics:mc,ccb44607c3c6469cd5fd9989bfcf2c41,acc_raw,390,0.2794871794871795,27.94871794871795
ue5m3_proposed_b16,"Proposed UE5M3 FP4, B=16, cold D=50",fp4_activation_training_replay_d50,quantized_ue5m3_fp4,True,43,mmlu_olmes,mmlu_high_school_mathematics:mc::olmes,mmlu_high_school_mathematics:mc,75eb1cfdca9c6c512d2654d308f8f680,acc_raw,270,0.27037037037037037,27.037037037037038
ue5m3_proposed_b16,"Proposed UE5M3 FP4, B=16, cold D=50",fp4_activation_training_replay_d50,quantized_ue5m3_fp4,True,44,mmlu_olmes,mmlu_high_school_microeconomics:mc::olmes,mmlu_high_school_microeconomics:mc,416b805a359dbae1c968cd7473076e01,acc_raw,238,0.2815126050420168,28.15126050420168
ue5m3_proposed_b16,"Proposed UE5M3 FP4, B=16, cold D=50",fp4_activation_training_replay_d50,quantized_ue5m3_fp4,True,45,mmlu_olmes,mmlu_high_school_physics:mc::olmes,mmlu_high_school_physics:mc,10e66780e9dca3f32aba1ccf99269a3a,acc_raw,151,0.19205298013245034,19.205298013245034
ue5m3_proposed_b16,"Proposed UE5M3 FP4, B=16, cold D=50",fp4_activation_training_replay_d50,quantized_ue5m3_fp4,True,46,mmlu_olmes,mmlu_high_school_psychology:mc::olmes,mmlu_high_school_psychology:mc,99447030d2ce6ef8805646c1c34fcee4,acc_raw,545,0.24587155963302754,24.587155963302752
ue5m3_proposed_b16,"Proposed UE5M3 FP4, B=16, cold D=50",fp4_activation_training_replay_d50,quantized_ue5m3_fp4,True,47,mmlu_olmes,mmlu_high_school_statistics:mc::olmes,mmlu_high_school_statistics:mc,c020e14507911b6f3d966cfaad4534f1,acc_raw,216,0.26851851851851855,26.851851851851855
ue5m3_proposed_b16,"Proposed UE5M3 FP4, B=16, cold D=50",fp4_activation_training_replay_d50,quantized_ue5m3_fp4,True,48,mmlu_olmes,mmlu_high_school_us_history:mc::olmes,mmlu_high_school_us_history:mc,39a904d96d65a2dfbd0510fcea9880d7,acc_raw,204,0.25,25.0
ue5m3_proposed_b16,"Proposed UE5M3 FP4, B=16, cold D=50",fp4_activation_training_replay_d50,quantized_ue5m3_fp4,True,49,mmlu_olmes,mmlu_high_school_world_history:mc::olmes,mmlu_high_school_world_history:mc,768c5cdb11af17a3440943d9e0b580dd,acc_raw,237,0.2616033755274262,26.160337552742618
ue5m3_proposed_b16,"Proposed UE5M3 FP4, B=16, cold D=50",fp4_activation_training_replay_d50,quantized_ue5m3_fp4,True,50,mmlu_olmes,mmlu_human_aging:mc::olmes,mmlu_human_aging:mc,93f0df9c8b68127692f1593f33d8a3ef,acc_raw,223,0.26905829596412556,26.905829596412556
ue5m3_proposed_b16,"Proposed UE5M3 FP4, B=16, cold D=50",fp4_activation_training_replay_d50,quantized_ue5m3_fp4,True,51,mmlu_olmes,mmlu_human_sexuality:mc::olmes,mmlu_human_sexuality:mc,a62edc21ec6f517a598a5dda52e84b43,acc_raw,131,0.1984732824427481,19.84732824427481
ue5m3_proposed_b16,"Proposed UE5M3 FP4, B=16, cold D=50",fp4_activation_training_replay_d50,quantized_ue5m3_fp4,True,52,mmlu_olmes,mmlu_international_law:mc::olmes,mmlu_international_law:mc,787374b70fc6053820673a14463d3eef,acc_raw,121,0.2975206611570248,29.75206611570248
ue5m3_proposed_b16,"Proposed UE5M3 FP4, B=16, cold D=50",fp4_activation_training_replay_d50,quantized_ue5m3_fp4,True,53,mmlu_olmes,mmlu_jurisprudence:mc::olmes,mmlu_jurisprudence:mc,62a7a1734abbc37dafe8313b6291d817,acc_raw,108,0.3333333333333333,33.33333333333333
ue5m3_proposed_b16,"Proposed UE5M3 FP4, B=16, cold D=50",fp4_activation_training_replay_d50,quantized_ue5m3_fp4,True,54,mmlu_olmes,mmlu_logical_fallacies:mc::olmes,mmlu_logical_fallacies:mc,a020032fa288c2fac6168a824df57170,acc_raw,163,0.2147239263803681,21.472392638036812
ue5m3_proposed_b16,"Proposed UE5M3 FP4, B=16, cold D=50",fp4_activation_training_replay_d50,quantized_ue5m3_fp4,True,55,mmlu_olmes,mmlu_machine_learning:mc::olmes,mmlu_machine_learning:mc,e3d4f22b97438517e698917faccba7da,acc_raw,112,0.22321428571428573,22.321428571428573
ue5m3_proposed_b16,"Proposed UE5M3 FP4, B=16, cold D=50",fp4_activation_training_replay_d50,quantized_ue5m3_fp4,True,56,mmlu_olmes,mmlu_management:mc::olmes,mmlu_management:mc,04b6414e648a7a3ba8402771facebd9e,acc_raw,103,0.2524271844660194,25.24271844660194
ue5m3_proposed_b16,"Proposed UE5M3 FP4, B=16, cold D=50",fp4_activation_training_replay_d50,quantized_ue5m3_fp4,True,57,mmlu_olmes,mmlu_marketing:mc::olmes,mmlu_marketing:mc,8e73bf0fb469a9eddfa7a8f258d99873,acc_raw,234,0.358974358974359,35.8974358974359
ue5m3_proposed_b16,"Proposed UE5M3 FP4, B=16, cold D=50",fp4_activation_training_replay_d50,quantized_ue5m3_fp4,True,58,mmlu_olmes,mmlu_medical_genetics:mc::olmes,mmlu_medical_genetics:mc,bc9af3a22284b0a0d08e2c6a1f378d22,acc_raw,100,0.29,28.999999999999996
ue5m3_proposed_b16,"Proposed UE5M3 FP4, B=16, cold D=50",fp4_activation_training_replay_d50,quantized_ue5m3_fp4,True,59,mmlu_olmes,mmlu_miscellaneous:mc::olmes,mmlu_miscellaneous:mc,46b4ac7975c87092b13c0cf2ce85a4d1,acc_raw,783,0.24776500638569604,24.776500638569605
ue5m3_proposed_b16,"Proposed UE5M3 FP4, B=16, cold D=50",fp4_activation_training_replay_d50,quantized_ue5m3_fp4,True,60,mmlu_olmes,mmlu_moral_disputes:mc::olmes,mmlu_moral_disputes:mc,0664fc5034aba7df0fe1df2d1a217e88,acc_raw,346,0.2630057803468208,26.300578034682083
ue5m3_proposed_b16,"Proposed UE5M3 FP4, B=16, cold D=50",fp4_activation_training_replay_d50,quantized_ue5m3_fp4,True,61,mmlu_olmes,mmlu_moral_scenarios:mc::olmes,mmlu_moral_scenarios:mc,a2396dc8f3cdb9c9dd5e98fd351e9198,acc_raw,895,0.22681564245810057,22.68156424581006
ue5m3_proposed_b16,"Proposed UE5M3 FP4, B=16, cold D=50",fp4_activation_training_replay_d50,quantized_ue5m3_fp4,True,62,mmlu_olmes,mmlu_nutrition:mc::olmes,mmlu_nutrition:mc,8b190e2f404b28ca0cd715094e5386b1,acc_raw,306,0.2647058823529412,26.47058823529412
ue5m3_proposed_b16,"Proposed UE5M3 FP4, B=16, cold D=50",fp4_activation_training_replay_d50,quantized_ue5m3_fp4,True,63,mmlu_olmes,mmlu_philosophy:mc::olmes,mmlu_philosophy:mc,9b517eefa6d090b0622fc18650d70617,acc_raw,311,0.2829581993569132,28.29581993569132
ue5m3_proposed_b16,"Proposed UE5M3 FP4, B=16, cold D=50",fp4_activation_training_replay_d50,quantized_ue5m3_fp4,True,64,mmlu_olmes,mmlu_prehistory:mc::olmes,mmlu_prehistory:mc,fcfa15d6031340a724aaa21ae383922e,acc_raw,324,0.30864197530864196,30.864197530864196
ue5m3_proposed_b16,"Proposed UE5M3 FP4, B=16, cold D=50",fp4_activation_training_replay_d50,quantized_ue5m3_fp4,True,65,mmlu_olmes,mmlu_professional_accounting:mc::olmes,mmlu_professional_accounting:mc,233710033ac6f9a2c339a08d7344c9d0,acc_raw,282,0.25886524822695034,25.886524822695034
ue5m3_proposed_b16,"Proposed UE5M3 FP4, B=16, cold D=50",fp4_activation_training_replay_d50,quantized_ue5m3_fp4,True,66,mmlu_olmes,mmlu_professional_law:mc::olmes,mmlu_professional_law:mc,df18d9512e07e1c6f633ee039a943e23,acc_raw,1534,0.24445893089960888,24.445893089960887
ue5m3_proposed_b16,"Proposed UE5M3 FP4, B=16, cold D=50",fp4_activation_training_replay_d50,quantized_ue5m3_fp4,True,67,mmlu_olmes,mmlu_professional_medicine:mc::olmes,mmlu_professional_medicine:mc,1e3f139838d69169d5a80ebb58be505a,acc_raw,272,0.3125,31.25
ue5m3_proposed_b16,"Proposed UE5M3 FP4, B=16, cold D=50",fp4_activation_training_replay_d50,quantized_ue5m3_fp4,True,68,mmlu_olmes,mmlu_professional_psychology:mc::olmes,mmlu_professional_psychology:mc,ee984454c2b6c8ce9d942162f4563c66,acc_raw,612,0.2761437908496732,27.61437908496732
ue5m3_proposed_b16,"Proposed UE5M3 FP4, B=16, cold D=50",fp4_activation_training_replay_d50,quantized_ue5m3_fp4,True,69,mmlu_olmes,mmlu_public_relations:mc::olmes,mmlu_public_relations:mc,8b1e2c5a479ea01b9bf00bbd37ac4cb1,acc_raw,110,0.2727272727272727,27.27272727272727
ue5m3_proposed_b16,"Proposed UE5M3 FP4, B=16, cold D=50",fp4_activation_training_replay_d50,quantized_ue5m3_fp4,True,70,mmlu_olmes,mmlu_security_studies:mc::olmes,mmlu_security_studies:mc,f45a610fabc63b178d02b9705769e51a,acc_raw,245,0.3183673469387755,31.83673469387755
ue5m3_proposed_b16,"Proposed UE5M3 FP4, B=16, cold D=50",fp4_activation_training_replay_d50,quantized_ue5m3_fp4,True,71,mmlu_olmes,mmlu_sociology:mc::olmes,mmlu_sociology:mc,ab7475a0c07ff6128f3c340e30a2c48d,acc_raw,201,0.24875621890547264,24.875621890547265
ue5m3_proposed_b16,"Proposed UE5M3 FP4, B=16, cold D=50",fp4_activation_training_replay_d50,quantized_ue5m3_fp4,True,72,mmlu_olmes,mmlu_us_foreign_policy:mc::olmes,mmlu_us_foreign_policy:mc,e8aaa8bc89da8c987774b45a635a5874,acc_raw,100,0.31,31.0
ue5m3_proposed_b16,"Proposed UE5M3 FP4, B=16, cold D=50",fp4_activation_training_replay_d50,quantized_ue5m3_fp4,True,73,mmlu_olmes,mmlu_virology:mc::olmes,mmlu_virology:mc,7b03eddd30aced0d2872e78119dce06c,acc_raw,166,0.27710843373493976,27.710843373493976
ue5m3_proposed_b16,"Proposed UE5M3 FP4, B=16, cold D=50",fp4_activation_training_replay_d50,quantized_ue5m3_fp4,True,74,mmlu_olmes,mmlu_world_religions:mc::olmes,mmlu_world_religions:mc,2b77bb4249a09c916d061ae0d5b378bd,acc_raw,171,0.3391812865497076,33.91812865497076
ue5m3_proposed_b16,"Proposed UE5M3 FP4, B=16, cold D=50",fp4_activation_training_replay_d50,quantized_ue5m3_fp4,True,75,mmlu_olmes,mmlu_abstract_algebra:rc::olmes,mmlu_abstract_algebra,15700d84a97667659182d75884f934cd,acc_per_char,100,0.23,23.0
ue5m3_proposed_b16,"Proposed UE5M3 FP4, B=16, cold D=50",fp4_activation_training_replay_d50,quantized_ue5m3_fp4,True,76,mmlu_olmes,mmlu_anatomy:rc::olmes,mmlu_anatomy,0cdcee2423fbe040b1e5ff34b0af45e6,acc_per_char,135,0.45185185185185184,45.18518518518518
ue5m3_proposed_b16,"Proposed UE5M3 FP4, B=16, cold D=50",fp4_activation_training_replay_d50,quantized_ue5m3_fp4,True,77,mmlu_olmes,mmlu_astronomy:rc::olmes,mmlu_astronomy,13d838006e583f18e99063d8b219a97b,acc_per_char,152,0.4407894736842105,44.07894736842105
ue5m3_proposed_b16,"Proposed UE5M3 FP4, B=16, cold D=50",fp4_activation_training_replay_d50,quantized_ue5m3_fp4,True,78,mmlu_olmes,mmlu_business_ethics:rc::olmes,mmlu_business_ethics,715185b32494e985a6dee5becfcd82ac,acc_per_char,100,0.54,54.0
ue5m3_proposed_b16,"Proposed UE5M3 FP4, B=16, cold D=50",fp4_activation_training_replay_d50,quantized_ue5m3_fp4,True,79,mmlu_olmes,mmlu_clinical_knowledge:rc::olmes,mmlu_clinical_knowledge,523c347f74ddd79f7fb2c15eee89d4e7,acc_per_char,265,0.43018867924528303,43.0188679245283
ue5m3_proposed_b16,"Proposed UE5M3 FP4, B=16, cold D=50",fp4_activation_training_replay_d50,quantized_ue5m3_fp4,True,80,mmlu_olmes,mmlu_college_biology:rc::olmes,mmlu_college_biology,966e8cfd13dcf0edc71778a03a922090,acc_per_char,144,0.4444444444444444,44.44444444444444
ue5m3_proposed_b16,"Proposed UE5M3 FP4, B=16, cold D=50",fp4_activation_training_replay_d50,quantized_ue5m3_fp4,True,81,mmlu_olmes,mmlu_college_chemistry:rc::olmes,mmlu_college_chemistry,70f725b1d196bca595c7b851cdcc6644,acc_per_char,100,0.29,28.999999999999996
ue5m3_proposed_b16,"Proposed UE5M3 FP4, B=16, cold D=50",fp4_activation_training_replay_d50,quantized_ue5m3_fp4,True,82,mmlu_olmes,mmlu_college_computer_science:rc::olmes,mmlu_college_computer_science,eb1e7cea65f6797185cc87483e3f19fe,acc_per_char,100,0.35,35.0
ue5m3_proposed_b16,"Proposed UE5M3 FP4, B=16, cold D=50",fp4_activation_training_replay_d50,quantized_ue5m3_fp4,True,83,mmlu_olmes,mmlu_college_mathematics:rc::olmes,mmlu_college_mathematics,18dd2cd649daf7a06132d51a6e17c35d,acc_per_char,100,0.2,20.0
ue5m3_proposed_b16,"Proposed UE5M3 FP4, B=16, cold D=50",fp4_activation_training_replay_d50,quantized_ue5m3_fp4,True,84,mmlu_olmes,mmlu_college_medicine:rc::olmes,mmlu_college_medicine,d92b222841c28a98039763c60b61ee73,acc_per_char,173,0.3930635838150289,39.30635838150289
ue5m3_proposed_b16,"Proposed UE5M3 FP4, B=16, cold D=50",fp4_activation_training_replay_d50,quantized_ue5m3_fp4,True,85,mmlu_olmes,mmlu_college_physics:rc::olmes,mmlu_college_physics,63cbfbf37f8fcf7fd03052712d5b5d24,acc_per_char,102,0.28431372549019607,28.431372549019606
ue5m3_proposed_b16,"Proposed UE5M3 FP4, B=16, cold D=50",fp4_activation_training_replay_d50,quantized_ue5m3_fp4,True,86,mmlu_olmes,mmlu_computer_security:rc::olmes,mmlu_computer_security,95adfb15effac11bb4b7b4312e8c2a05,acc_per_char,100,0.5,50.0
ue5m3_proposed_b16,"Proposed UE5M3 FP4, B=16, cold D=50",fp4_activation_training_replay_d50,quantized_ue5m3_fp4,True,87,mmlu_olmes,mmlu_conceptual_physics:rc::olmes,mmlu_conceptual_physics,567f44d0f94d8fa4a0119c131e858075,acc_per_char,235,0.3872340425531915,38.72340425531915
ue5m3_proposed_b16,"Proposed UE5M3 FP4, B=16, cold D=50",fp4_activation_training_replay_d50,quantized_ue5m3_fp4,True,88,mmlu_olmes,mmlu_econometrics:rc::olmes,mmlu_econometrics,cb799ab80dc053a353c3bcc7b9386abf,acc_per_char,114,0.30701754385964913,30.701754385964914
ue5m3_proposed_b16,"Proposed UE5M3 FP4, B=16, cold D=50",fp4_activation_training_replay_d50,quantized_ue5m3_fp4,True,89,mmlu_olmes,mmlu_electrical_engineering:rc::olmes,mmlu_electrical_engineering,15723c065162a191867085b670c56b73,acc_per_char,145,0.33793103448275863,33.793103448275865
ue5m3_proposed_b16,"Proposed UE5M3 FP4, B=16, cold D=50",fp4_activation_training_replay_d50,quantized_ue5m3_fp4,True,90,mmlu_olmes,mmlu_elementary_mathematics:rc::olmes,mmlu_elementary_mathematics,b17cb50df9dc3885e7dbcb4fef405683,acc_per_char,378,0.36507936507936506,36.507936507936506
ue5m3_proposed_b16,"Proposed UE5M3 FP4, B=16, cold D=50",fp4_activation_training_replay_d50,quantized_ue5m3_fp4,True,91,mmlu_olmes,mmlu_formal_logic:rc::olmes,mmlu_formal_logic,82b5ac945cc5c2f1cb54beff73486830,acc_per_char,126,0.3333333333333333,33.33333333333333
ue5m3_proposed_b16,"Proposed UE5M3 FP4, B=16, cold D=50",fp4_activation_training_replay_d50,quantized_ue5m3_fp4,True,92,mmlu_olmes,mmlu_global_facts:rc::olmes,mmlu_global_facts,5acad514fa0105c06b71f6c924ef5b04,acc_per_char,100,0.31,31.0
ue5m3_proposed_b16,"Proposed UE5M3 FP4, B=16, cold D=50",fp4_activation_training_replay_d50,quantized_ue5m3_fp4,True,93,mmlu_olmes,mmlu_high_school_biology:rc::olmes,mmlu_high_school_biology,d8ddda6f3e5c7889d7d36ff8dd51cc52,acc_per_char,310,0.4935483870967742,49.354838709677416
ue5m3_proposed_b16,"Proposed UE5M3 FP4, B=16, cold D=50",fp4_activation_training_replay_d50,quantized_ue5m3_fp4,True,94,mmlu_olmes,mmlu_high_school_chemistry:rc::olmes,mmlu_high_school_chemistry,b905822505fc6bf87ee81088ffd93b9f,acc_per_char,203,0.2512315270935961,25.12315270935961
ue5m3_proposed_b16,"Proposed UE5M3 FP4, B=16, cold D=50",fp4_activation_training_replay_d50,quantized_ue5m3_fp4,True,95,mmlu_olmes,mmlu_high_school_computer_science:rc::olmes,mmlu_high_school_computer_science,1f6e4443a6932f4e6c85ae1ee2ea6857,acc_per_char,100,0.33,33.0
ue5m3_proposed_b16,"Proposed UE5M3 FP4, B=16, cold D=50",fp4_activation_training_replay_d50,quantized_ue5m3_fp4,True,96,mmlu_olmes,mmlu_high_school_european_history:rc::olmes,mmlu_high_school_european_history,297df68d8b8abb3dac4039039adf6936,acc_per_char,165,0.4666666666666667,46.666666666666664
ue5m3_proposed_b16,"Proposed UE5M3 FP4, B=16, cold D=50",fp4_activation_training_replay_d50,quantized_ue5m3_fp4,True,97,mmlu_olmes,mmlu_high_school_geography:rc::olmes,mmlu_high_school_geography,09a0ea8c0d69e87db9d64b78e47808da,acc_per_char,198,0.4696969696969697,46.96969696969697
ue5m3_proposed_b16,"Proposed UE5M3 FP4, B=16, cold D=50",fp4_activation_training_replay_d50,quantized_ue5m3_fp4,True,98,mmlu_olmes,mmlu_high_school_government_and_politics:rc::olmes,mmlu_high_school_government_and_politics,690e157a2167b4be83aeb3025e100359,acc_per_char,193,0.5284974093264249,52.84974093264248
ue5m3_proposed_b16,"Proposed UE5M3 FP4, B=16, cold D=50",fp4_activation_training_replay_d50,quantized_ue5m3_fp4,True,99,mmlu_olmes,mmlu_high_school_macroeconomics:rc::olmes,mmlu_high_school_macroeconomics,5cd50ebcbec63cd7b59273fb53e145a2,acc_per_char,390,0.3769230769230769,37.69230769230769
ue5m3_proposed_b16,"Proposed UE5M3 FP4, B=16, cold D=50",fp4_activation_training_replay_d50,quantized_ue5m3_fp4,True,100,mmlu_olmes,mmlu_high_school_mathematics:rc::olmes,mmlu_high_school_mathematics,0a5104b0df6138995e01f4d9e30bf3bc,acc_per_char,270,0.18518518518518517,18.51851851851852
ue5m3_proposed_b16,"Proposed UE5M3 FP4, B=16, cold D=50",fp4_activation_training_replay_d50,quantized_ue5m3_fp4,True,101,mmlu_olmes,mmlu_high_school_microeconomics:rc::olmes,mmlu_high_school_microeconomics,47974510bc14d32dee9c1ae0da6aa77c,acc_per_char,238,0.42436974789915966,42.436974789915965
ue5m3_proposed_b16,"Proposed UE5M3 FP4, B=16, cold D=50",fp4_activation_training_replay_d50,quantized_ue5m3_fp4,True,102,mmlu_olmes,mmlu_high_school_physics:rc::olmes,mmlu_high_school_physics,70926d73081fbee1ee38fc002891a21a,acc_per_char,151,0.2781456953642384,27.81456953642384
ue5m3_proposed_b16,"Proposed UE5M3 FP4, B=16, cold D=50",fp4_activation_training_replay_d50,quantized_ue5m3_fp4,True,103,mmlu_olmes,mmlu_high_school_psychology:rc::olmes,mmlu_high_school_psychology,63dd68a97d1abf7f719137d6f0d45d73,acc_per_char,545,0.5743119266055046,57.43119266055046
ue5m3_proposed_b16,"Proposed UE5M3 FP4, B=16, cold D=50",fp4_activation_training_replay_d50,quantized_ue5m3_fp4,True,104,mmlu_olmes,mmlu_high_school_statistics:rc::olmes,mmlu_high_school_statistics,b25c8a521d2fb1d28a97e478d686eeaa,acc_per_char,216,0.3287037037037037,32.870370370370374
ue5m3_proposed_b16,"Proposed UE5M3 FP4, B=16, cold D=50",fp4_activation_training_replay_d50,quantized_ue5m3_fp4,True,105,mmlu_olmes,mmlu_high_school_us_history:rc::olmes,mmlu_high_school_us_history,8290ed79cc88afc721c6f79b7318f541,acc_per_char,204,0.4215686274509804,42.15686274509804
ue5m3_proposed_b16,"Proposed UE5M3 FP4, B=16, cold D=50",fp4_activation_training_replay_d50,quantized_ue5m3_fp4,True,106,mmlu_olmes,mmlu_high_school_world_history:rc::olmes,mmlu_high_school_world_history,934305afb0d486dcc158182788d0acfb,acc_per_char,237,0.42616033755274263,42.616033755274266
ue5m3_proposed_b16,"Proposed UE5M3 FP4, B=16, cold D=50",fp4_activation_training_replay_d50,quantized_ue5m3_fp4,True,107,mmlu_olmes,mmlu_human_aging:rc::olmes,mmlu_human_aging,8d2b538449931b69b893e86b7416a7e7,acc_per_char,223,0.484304932735426,48.4304932735426
ue5m3_proposed_b16,"Proposed UE5M3 FP4, B=16, cold D=50",fp4_activation_training_replay_d50,quantized_ue5m3_fp4,True,108,mmlu_olmes,mmlu_human_sexuality:rc::olmes,mmlu_human_sexuality,88583bc91896ae15628a7050a8e8a08e,acc_per_char,131,0.48091603053435117,48.091603053435115
ue5m3_proposed_b16,"Proposed UE5M3 FP4, B=16, cold D=50",fp4_activation_training_replay_d50,quantized_ue5m3_fp4,True,109,mmlu_olmes,mmlu_international_law:rc::olmes,mmlu_international_law,13a4e0bd7a029f10d0e8f9f01f60652e,acc_per_char,121,0.371900826446281,37.1900826446281
ue5m3_proposed_b16,"Proposed UE5M3 FP4, B=16, cold D=50",fp4_activation_training_replay_d50,quantized_ue5m3_fp4,True,110,mmlu_olmes,mmlu_jurisprudence:rc::olmes,mmlu_jurisprudence,4bb149c58cd53f521d90f628858862ab,acc_per_char,108,0.35185185185185186,35.18518518518518
ue5m3_proposed_b16,"Proposed UE5M3 FP4, B=16, cold D=50",fp4_activation_training_replay_d50,quantized_ue5m3_fp4,True,111,mmlu_olmes,mmlu_logical_fallacies:rc::olmes,mmlu_logical_fallacies,d0506b820ec8299d87c27079f988edb9,acc_per_char,163,0.43558282208588955,43.558282208588956
ue5m3_proposed_b16,"Proposed UE5M3 FP4, B=16, cold D=50",fp4_activation_training_replay_d50,quantized_ue5m3_fp4,True,112,mmlu_olmes,mmlu_machine_learning:rc::olmes,mmlu_machine_learning,d6289aec8cc57955804f5bdd7d78a0ab,acc_per_char,112,0.2857142857142857,28.57142857142857
ue5m3_proposed_b16,"Proposed UE5M3 FP4, B=16, cold D=50",fp4_activation_training_replay_d50,quantized_ue5m3_fp4,True,113,mmlu_olmes,mmlu_management:rc::olmes,mmlu_management,5fdf48777d60532ea48c4228971ab9ce,acc_per_char,103,0.5533980582524272,55.33980582524271
ue5m3_proposed_b16,"Proposed UE5M3 FP4, B=16, cold D=50",fp4_activation_training_replay_d50,quantized_ue5m3_fp4,True,114,mmlu_olmes,mmlu_marketing:rc::olmes,mmlu_marketing,ec59840b552e1b522ddcc91ebdd6bcdb,acc_per_char,234,0.5341880341880342,53.41880341880342
ue5m3_proposed_b16,"Proposed UE5M3 FP4, B=16, cold D=50",fp4_activation_training_replay_d50,quantized_ue5m3_fp4,True,115,mmlu_olmes,mmlu_medical_genetics:rc::olmes,mmlu_medical_genetics,d21901ce2a60dd0484298f1929cd69e8,acc_per_char,100,0.45,45.0
ue5m3_proposed_b16,"Proposed UE5M3 FP4, B=16, cold D=50",fp4_activation_training_replay_d50,quantized_ue5m3_fp4,True,116,mmlu_olmes,mmlu_miscellaneous:rc::olmes,mmlu_miscellaneous,53ccadb71923b35e1dfa8d894e2e3fc4,acc_per_char,783,0.5862068965517241,58.620689655172406
ue5m3_proposed_b16,"Proposed UE5M3 FP4, B=16, cold D=50",fp4_activation_training_replay_d50,quantized_ue5m3_fp4,True,117,mmlu_olmes,mmlu_moral_disputes:rc::olmes,mmlu_moral_disputes,819a39344d1c377340e72e649cabebe9,acc_per_char,346,0.33815028901734107,33.81502890173411
ue5m3_proposed_b16,"Proposed UE5M3 FP4, B=16, cold D=50",fp4_activation_training_replay_d50,quantized_ue5m3_fp4,True,118,mmlu_olmes,mmlu_moral_scenarios:rc::olmes,mmlu_moral_scenarios,cc409292717ac8649a1cd0cd7dc9fc73,acc_per_char,895,0.2424581005586592,24.24581005586592
ue5m3_proposed_b16,"Proposed UE5M3 FP4, B=16, cold D=50",fp4_activation_training_replay_d50,quantized_ue5m3_fp4,True,119,mmlu_olmes,mmlu_nutrition:rc::olmes,mmlu_nutrition,61f9d819256c12d6bc8d289c7483b9c3,acc_per_char,306,0.35947712418300654,35.947712418300654
ue5m3_proposed_b16,"Proposed UE5M3 FP4, B=16, cold D=50",fp4_activation_training_replay_d50,quantized_ue5m3_fp4,True,120,mmlu_olmes,mmlu_philosophy:rc::olmes,mmlu_philosophy,7b23cc5f2ff6984858f9f5ba128b8216,acc_per_char,311,0.40192926045016075,40.19292604501607
ue5m3_proposed_b16,"Proposed UE5M3 FP4, B=16, cold D=50",fp4_activation_training_replay_d50,quantized_ue5m3_fp4,True,121,mmlu_olmes,mmlu_prehistory:rc::olmes,mmlu_prehistory,48fd13dbcd0c721b8d69339ee8209f97,acc_per_char,324,0.41358024691358025,41.358024691358025
ue5m3_proposed_b16,"Proposed UE5M3 FP4, B=16, cold D=50",fp4_activation_training_replay_d50,quantized_ue5m3_fp4,True,122,mmlu_olmes,mmlu_professional_accounting:rc::olmes,mmlu_professional_accounting,57a5dba0840cc14c94ed31f79dee4ac7,acc_per_char,282,0.25177304964539005,25.177304964539005
ue5m3_proposed_b16,"Proposed UE5M3 FP4, B=16, cold D=50",fp4_activation_training_replay_d50,quantized_ue5m3_fp4,True,123,mmlu_olmes,mmlu_professional_law:rc::olmes,mmlu_professional_law,56030e99119525ae79b8abf107affc40,acc_per_char,1534,0.2796610169491525,27.966101694915253
ue5m3_proposed_b16,"Proposed UE5M3 FP4, B=16, cold D=50",fp4_activation_training_replay_d50,quantized_ue5m3_fp4,True,124,mmlu_olmes,mmlu_professional_medicine:rc::olmes,mmlu_professional_medicine,2b0232ca5abb81ded631049ad557a96e,acc_per_char,272,0.3713235294117647,37.13235294117647
ue5m3_proposed_b16,"Proposed UE5M3 FP4, B=16, cold D=50",fp4_activation_training_replay_d50,quantized_ue5m3_fp4,True,125,mmlu_olmes,mmlu_professional_psychology:rc::olmes,mmlu_professional_psychology,77f07f47e032860fc6442c27cde81ac5,acc_per_char,612,0.35947712418300654,35.947712418300654
ue5m3_proposed_b16,"Proposed UE5M3 FP4, B=16, cold D=50",fp4_activation_training_replay_d50,quantized_ue5m3_fp4,True,126,mmlu_olmes,mmlu_public_relations:rc::olmes,mmlu_public_relations,b3d8e8d8619b36ec8f35ac6eedd1d242,acc_per_char,110,0.35454545454545455,35.45454545454545
ue5m3_proposed_b16,"Proposed UE5M3 FP4, B=16, cold D=50",fp4_activation_training_replay_d50,quantized_ue5m3_fp4,True,127,mmlu_olmes,mmlu_security_studies:rc::olmes,mmlu_security_studies,a7d55a48b6fa8697683abd6458dd2310,acc_per_char,245,0.2530612244897959,25.30612244897959
ue5m3_proposed_b16,"Proposed UE5M3 FP4, B=16, cold D=50",fp4_activation_training_replay_d50,quantized_ue5m3_fp4,True,128,mmlu_olmes,mmlu_sociology:rc::olmes,mmlu_sociology,b30a972cad094aa6687f34495f4f5d9d,acc_per_char,201,0.3880597014925373,38.80597014925373
ue5m3_proposed_b16,"Proposed UE5M3 FP4, B=16, cold D=50",fp4_activation_training_replay_d50,quantized_ue5m3_fp4,True,129,mmlu_olmes,mmlu_us_foreign_policy:rc::olmes,mmlu_us_foreign_policy,14c587e70a64652d43ccb2972a2ee520,acc_per_char,100,0.43,43.0
ue5m3_proposed_b16,"Proposed UE5M3 FP4, B=16, cold D=50",fp4_activation_training_replay_d50,quantized_ue5m3_fp4,True,130,mmlu_olmes,mmlu_virology:rc::olmes,mmlu_virology,de01c561afecb3cde13432a3ccf073b6,acc_per_char,166,0.3674698795180723,36.74698795180723
ue5m3_proposed_b16,"Proposed UE5M3 FP4, B=16, cold D=50",fp4_activation_training_replay_d50,quantized_ue5m3_fp4,True,131,mmlu_olmes,mmlu_world_religions:rc::olmes,mmlu_world_religions,fa1acd404b2bda70e3664747e3c3db22,acc_per_char,171,0.7192982456140351,71.9298245614035
ue5m3_proposed_b16,"Proposed UE5M3 FP4, B=16, cold D=50",fp4_activation_training_replay_d50,quantized_ue5m3_fp4,True,132,mmlu_pro_mc,mmlu_pro_math:mc::none,mmlu_pro_math,2f02776911c1a63e3bf3c96fbeeeccff,acc_raw,1351,0.09918578830495929,9.91857883049593
ue5m3_proposed_b16,"Proposed UE5M3 FP4, B=16, cold D=50",fp4_activation_training_replay_d50,quantized_ue5m3_fp4,True,133,mmlu_pro_mc,mmlu_pro_health:mc::none,mmlu_pro_health,b12866ee79da1af676f9ef6d2cc6a223,acc_raw,818,0.12469437652811736,12.469437652811736
ue5m3_proposed_b16,"Proposed UE5M3 FP4, B=16, cold D=50",fp4_activation_training_replay_d50,quantized_ue5m3_fp4,True,134,mmlu_pro_mc,mmlu_pro_physics:mc::none,mmlu_pro_physics,afe121df881d1e4e6ed6086e76d3e22a,acc_raw,1299,0.09930715935334873,9.930715935334874
ue5m3_proposed_b16,"Proposed UE5M3 FP4, B=16, cold D=50",fp4_activation_training_replay_d50,quantized_ue5m3_fp4,True,135,mmlu_pro_mc,mmlu_pro_business:mc::none,mmlu_pro_business,8bcb1367c4dde160afbaf772d2920c42,acc_raw,789,0.10266159695817491,10.26615969581749
ue5m3_proposed_b16,"Proposed UE5M3 FP4, B=16, cold D=50",fp4_activation_training_replay_d50,quantized_ue5m3_fp4,True,136,mmlu_pro_mc,mmlu_pro_biology:mc::none,mmlu_pro_biology,04a6eab9701cdeacd44a1ce81b45c5e6,acc_raw,717,0.11854951185495119,11.85495118549512
ue5m3_proposed_b16,"Proposed UE5M3 FP4, B=16, cold D=50",fp4_activation_training_replay_d50,quantized_ue5m3_fp4,True,137,mmlu_pro_mc,mmlu_pro_chemistry:mc::none,mmlu_pro_chemistry,7e12262fe7a703eb0b277aba4d3522e3,acc_raw,1132,0.11130742049469965,11.130742049469964
ue5m3_proposed_b16,"Proposed UE5M3 FP4, B=16, cold D=50",fp4_activation_training_replay_d50,quantized_ue5m3_fp4,True,138,mmlu_pro_mc,mmlu_pro_computer science:mc::none,mmlu_pro_computer science,2b87f63e753ec559787205262fa3cfd6,acc_raw,410,0.0951219512195122,9.512195121951219
ue5m3_proposed_b16,"Proposed UE5M3 FP4, B=16, cold D=50",fp4_activation_training_replay_d50,quantized_ue5m3_fp4,True,139,mmlu_pro_mc,mmlu_pro_economics:mc::none,mmlu_pro_economics,1f244c402cf1d30b526aeb45853fcd6d,acc_raw,844,0.12796208530805686,12.796208530805686
ue5m3_proposed_b16,"Proposed UE5M3 FP4, B=16, cold D=50",fp4_activation_training_replay_d50,quantized_ue5m3_fp4,True,140,mmlu_pro_mc,mmlu_pro_engineering:mc::none,mmlu_pro_engineering,54bbb809be7d6561080cd2de064b5ae0,acc_raw,969,0.10526315789473684,10.526315789473683
ue5m3_proposed_b16,"Proposed UE5M3 FP4, B=16, cold D=50",fp4_activation_training_replay_d50,quantized_ue5m3_fp4,True,141,mmlu_pro_mc,mmlu_pro_philosophy:mc::none,mmlu_pro_philosophy,5b7c6ac776a56489682222be6f541625,acc_raw,499,0.13827655310621242,13.827655310621243
ue5m3_proposed_b16,"Proposed UE5M3 FP4, B=16, cold D=50",fp4_activation_training_replay_d50,quantized_ue5m3_fp4,True,142,mmlu_pro_mc,mmlu_pro_other:mc::none,mmlu_pro_other,0b6ca1930bca1d0f42dc530297c7f613,acc_raw,924,0.10822510822510822,10.822510822510822
ue5m3_proposed_b16,"Proposed UE5M3 FP4, B=16, cold D=50",fp4_activation_training_replay_d50,quantized_ue5m3_fp4,True,143,mmlu_pro_mc,mmlu_pro_history:mc::none,mmlu_pro_history,12ff9c5cffacabb6082bd196f004bdc7,acc_raw,381,0.12860892388451445,12.860892388451445
ue5m3_proposed_b16,"Proposed UE5M3 FP4, B=16, cold D=50",fp4_activation_training_replay_d50,quantized_ue5m3_fp4,True,144,mmlu_pro_mc,mmlu_pro_psychology:mc::none,mmlu_pro_psychology,6b377ac052d6e9c0346a30a4c109d290,acc_raw,798,0.09398496240601503,9.398496240601503
ue5m3_proposed_b16,"Proposed UE5M3 FP4, B=16, cold D=50",fp4_activation_training_replay_d50,quantized_ue5m3_fp4,True,145,mmlu_pro_mc,mmlu_pro_law:mc::none,mmlu_pro_law,7e5b61df22d557ef28caee941b91aa69,acc_raw,1101,0.11989100817438691,11.989100817438691
ue5m3_proposed_b32,"Proposed UE5M3 FP4, B=32, cold D=50",fp4_activation_training_replay_d50,quantized_ue5m3_fp4,True,0,core_9mcqa_olmes,arc_easy:mc::olmes,arc_easy:mc,c8c246d1822e8ad46441536ef5c4f4f3,acc_raw,1000,0.245,24.5
ue5m3_proposed_b32,"Proposed UE5M3 FP4, B=32, cold D=50",fp4_activation_training_replay_d50,quantized_ue5m3_fp4,True,1,core_9mcqa_olmes,arc_easy:rc::olmes,arc_easy,53bd6ac04aafb5f2d1c5ab836325f27e,acc_per_char,1000,0.743,74.3
ue5m3_proposed_b32,"Proposed UE5M3 FP4, B=32, cold D=50",fp4_activation_training_replay_d50,quantized_ue5m3_fp4,True,2,core_9mcqa_olmes,arc_challenge:mc::olmes,arc_challenge:mc,903ed260afcf0caaf0450b55e69ddf3a,acc_raw,1172,0.2380546075085324,23.805460750853243
ue5m3_proposed_b32,"Proposed UE5M3 FP4, B=32, cold D=50",fp4_activation_training_replay_d50,quantized_ue5m3_fp4,True,3,core_9mcqa_olmes,arc_challenge:rc::olmes,arc_challenge,cac12ad4468d93ad9fc41cb9599795c6,acc_uncond,1172,0.4453924914675768,44.53924914675768
ue5m3_proposed_b32,"Proposed UE5M3 FP4, B=32, cold D=50",fp4_activation_training_replay_d50,quantized_ue5m3_fp4,True,4,core_9mcqa_olmes,boolq:mc::olmes,boolq:mc,315dba082fe52a6058cdc5b806550ce4,acc_raw,1000,0.552,55.2
ue5m3_proposed_b32,"Proposed UE5M3 FP4, B=32, cold D=50",fp4_activation_training_replay_d50,quantized_ue5m3_fp4,True,5,core_9mcqa_olmes,boolq:rc::olmes,boolq,0bfbc3015e70e6dfba1f6b9b266334ba,acc_raw,1000,0.65,65.0
ue5m3_proposed_b32,"Proposed UE5M3 FP4, B=32, cold D=50",fp4_activation_training_replay_d50,quantized_ue5m3_fp4,True,6,core_9mcqa_olmes,csqa:mc::olmes,csqa:mc,d0de18d67d31994a2b5e2d2e87918a36,acc_raw,1221,0.19574119574119575,19.574119574119575
ue5m3_proposed_b32,"Proposed UE5M3 FP4, B=32, cold D=50",fp4_activation_training_replay_d50,quantized_ue5m3_fp4,True,7,core_9mcqa_olmes,csqa:rc::olmes,csqa,095f3f94d29c4f17ff7005f7252ba051,acc_uncond,1221,0.6871416871416871,68.71416871416871
ue5m3_proposed_b32,"Proposed UE5M3 FP4, B=32, cold D=50",fp4_activation_training_replay_d50,quantized_ue5m3_fp4,True,8,core_9mcqa_olmes,hellaswag:mc::olmes,hellaswag:mc,58011dd35e359a4de96cd11745a16895,acc_raw,1000,0.276,27.6
ue5m3_proposed_b32,"Proposed UE5M3 FP4, B=32, cold D=50",fp4_activation_training_replay_d50,quantized_ue5m3_fp4,True,9,core_9mcqa_olmes,hellaswag:rc::olmes,hellaswag,126122195b41bf14d9091a9cdd414690,acc_per_char,1000,0.701,70.1
ue5m3_proposed_b32,"Proposed UE5M3 FP4, B=32, cold D=50",fp4_activation_training_replay_d50,quantized_ue5m3_fp4,True,10,core_9mcqa_olmes,openbookqa:mc::olmes,openbookqa:mc,17ee8b464c2aae92e093fb7096684165,acc_raw,500,0.252,25.2
ue5m3_proposed_b32,"Proposed UE5M3 FP4, B=32, cold D=50",fp4_activation_training_replay_d50,quantized_ue5m3_fp4,True,11,core_9mcqa_olmes,openbookqa:rc::olmes,openbookqa,8c852627a335c1a263d4bbc6deea2be0,acc_uncond,500,0.514,51.4
ue5m3_proposed_b32,"Proposed UE5M3 FP4, B=32, cold D=50",fp4_activation_training_replay_d50,quantized_ue5m3_fp4,True,12,core_9mcqa_olmes,piqa:mc::olmes,piqa:mc,f4cc9f661d585e160a1d8eb867cd040c,acc_raw,1000,0.471,47.099999999999994
ue5m3_proposed_b32,"Proposed UE5M3 FP4, B=32, cold D=50",fp4_activation_training_replay_d50,quantized_ue5m3_fp4,True,13,core_9mcqa_olmes,piqa:rc::olmes,piqa,f63d922029758d577fcc9dba83c9de5c,acc_per_char,1000,0.75,75.0
ue5m3_proposed_b32,"Proposed UE5M3 FP4, B=32, cold D=50",fp4_activation_training_replay_d50,quantized_ue5m3_fp4,True,14,core_9mcqa_olmes,socialiqa:mc::olmes,socialiqa:mc,1f8ad25448306986fa263f77e5966e9e,acc_raw,1000,0.303,30.3
ue5m3_proposed_b32,"Proposed UE5M3 FP4, B=32, cold D=50",fp4_activation_training_replay_d50,quantized_ue5m3_fp4,True,15,core_9mcqa_olmes,socialiqa:rc::olmes,socialiqa,18e6bcddd3ce25d04e57dc2b321f78c7,acc_per_char,1000,0.559,55.900000000000006
ue5m3_proposed_b32,"Proposed UE5M3 FP4, B=32, cold D=50",fp4_activation_training_replay_d50,quantized_ue5m3_fp4,True,16,core_9mcqa_olmes,winogrande:mc::olmes,winogrande:mc,dadb31c80b5be4914ed051cd8660191e,acc_raw,1267,0.49329123914759276,49.32912391475928
ue5m3_proposed_b32,"Proposed UE5M3 FP4, B=32, cold D=50",fp4_activation_training_replay_d50,quantized_ue5m3_fp4,True,17,core_9mcqa_olmes,winogrande:rc::olmes,winogrande,9b11ef7f437e610eba48f6d273ed6886,acc_raw,1267,0.6069455406471981,60.69455406471981
ue5m3_proposed_b32,"Proposed UE5M3 FP4, B=32, cold D=50",fp4_activation_training_replay_d50,quantized_ue5m3_fp4,True,18,mmlu_olmes,mmlu_abstract_algebra:mc::olmes,mmlu_abstract_algebra:mc,77b926c73e62bfb451729f8369068e7d,acc_raw,100,0.22,22.0
ue5m3_proposed_b32,"Proposed UE5M3 FP4, B=32, cold D=50",fp4_activation_training_replay_d50,quantized_ue5m3_fp4,True,19,mmlu_olmes,mmlu_anatomy:mc::olmes,mmlu_anatomy:mc,3df98cd8b30afac6feb32f0d0c15395a,acc_raw,135,0.26666666666666666,26.666666666666668
ue5m3_proposed_b32,"Proposed UE5M3 FP4, B=32, cold D=50",fp4_activation_training_replay_d50,quantized_ue5m3_fp4,True,20,mmlu_olmes,mmlu_astronomy:mc::olmes,mmlu_astronomy:mc,4c69c754b323e0755cb7939b84f228ed,acc_raw,152,0.24342105263157895,24.342105263157894
ue5m3_proposed_b32,"Proposed UE5M3 FP4, B=32, cold D=50",fp4_activation_training_replay_d50,quantized_ue5m3_fp4,True,21,mmlu_olmes,mmlu_business_ethics:mc::olmes,mmlu_business_ethics:mc,87137b826dda58e8ffb978e165f39584,acc_raw,100,0.34,34.0
ue5m3_proposed_b32,"Proposed UE5M3 FP4, B=32, cold D=50",fp4_activation_training_replay_d50,quantized_ue5m3_fp4,True,22,mmlu_olmes,mmlu_clinical_knowledge:mc::olmes,mmlu_clinical_knowledge:mc,9d6878a0e485f563ac271370eaedecca,acc_raw,265,0.2641509433962264,26.41509433962264
ue5m3_proposed_b32,"Proposed UE5M3 FP4, B=32, cold D=50",fp4_activation_training_replay_d50,quantized_ue5m3_fp4,True,23,mmlu_olmes,mmlu_college_biology:mc::olmes,mmlu_college_biology:mc,8096d725e82f92b942ae20c48c82f083,acc_raw,144,0.20833333333333334,20.833333333333336
ue5m3_proposed_b32,"Proposed UE5M3 FP4, B=32, cold D=50",fp4_activation_training_replay_d50,quantized_ue5m3_fp4,True,24,mmlu_olmes,mmlu_college_chemistry:mc::olmes,mmlu_college_chemistry:mc,c81eb9c78ac300cca76358582a1c739b,acc_raw,100,0.23,23.0
ue5m3_proposed_b32,"Proposed UE5M3 FP4, B=32, cold D=50",fp4_activation_training_replay_d50,quantized_ue5m3_fp4,True,25,mmlu_olmes,mmlu_college_computer_science:mc::olmes,mmlu_college_computer_science:mc,62b92a5477c84fcf987c1798a4ac6144,acc_raw,100,0.23,23.0
ue5m3_proposed_b32,"Proposed UE5M3 FP4, B=32, cold D=50",fp4_activation_training_replay_d50,quantized_ue5m3_fp4,True,26,mmlu_olmes,mmlu_college_mathematics:mc::olmes,mmlu_college_mathematics:mc,58356a19598345fb1941515d0d9cb55a,acc_raw,100,0.3,30.0
ue5m3_proposed_b32,"Proposed UE5M3 FP4, B=32, cold D=50",fp4_activation_training_replay_d50,quantized_ue5m3_fp4,True,27,mmlu_olmes,mmlu_college_medicine:mc::olmes,mmlu_college_medicine:mc,42a584dc3ed8ae2ce00c9027c5f13764,acc_raw,173,0.2138728323699422,21.38728323699422
ue5m3_proposed_b32,"Proposed UE5M3 FP4, B=32, cold D=50",fp4_activation_training_replay_d50,quantized_ue5m3_fp4,True,28,mmlu_olmes,mmlu_college_physics:mc::olmes,mmlu_college_physics:mc,f88df4ad824e68680862d00e429c26a7,acc_raw,102,0.23529411764705882,23.52941176470588
ue5m3_proposed_b32,"Proposed UE5M3 FP4, B=32, cold D=50",fp4_activation_training_replay_d50,quantized_ue5m3_fp4,True,29,mmlu_olmes,mmlu_computer_security:mc::olmes,mmlu_computer_security:mc,274890b9e6abfcbe5e049394bec76a11,acc_raw,100,0.25,25.0
ue5m3_proposed_b32,"Proposed UE5M3 FP4, B=32, cold D=50",fp4_activation_training_replay_d50,quantized_ue5m3_fp4,True,30,mmlu_olmes,mmlu_conceptual_physics:mc::olmes,mmlu_conceptual_physics:mc,6519f132a34e21233a8f9f0333f4e555,acc_raw,235,0.2553191489361702,25.53191489361702
ue5m3_proposed_b32,"Proposed UE5M3 FP4, B=32, cold D=50",fp4_activation_training_replay_d50,quantized_ue5m3_fp4,True,31,mmlu_olmes,mmlu_econometrics:mc::olmes,mmlu_econometrics:mc,91203daf877dfbefa7095516334a1e98,acc_raw,114,0.2719298245614035,27.192982456140353
ue5m3_proposed_b32,"Proposed UE5M3 FP4, B=32, cold D=50",fp4_activation_training_replay_d50,quantized_ue5m3_fp4,True,32,mmlu_olmes,mmlu_electrical_engineering:mc::olmes,mmlu_electrical_engineering:mc,de26b9c8d62e22f56e8a4d55889a44e3,acc_raw,145,0.2689655172413793,26.89655172413793
ue5m3_proposed_b32,"Proposed UE5M3 FP4, B=32, cold D=50",fp4_activation_training_replay_d50,quantized_ue5m3_fp4,True,33,mmlu_olmes,mmlu_elementary_mathematics:mc::olmes,mmlu_elementary_mathematics:mc,2fd2518cf837baede6f2f5ba45bb6f96,acc_raw,378,0.2619047619047619,26.190476190476193
ue5m3_proposed_b32,"Proposed UE5M3 FP4, B=32, cold D=50",fp4_activation_training_replay_d50,quantized_ue5m3_fp4,True,34,mmlu_olmes,mmlu_formal_logic:mc::olmes,mmlu_formal_logic:mc,576d739646e3de210be990be680fc79a,acc_raw,126,0.23015873015873015,23.015873015873016
ue5m3_proposed_b32,"Proposed UE5M3 FP4, B=32, cold D=50",fp4_activation_training_replay_d50,quantized_ue5m3_fp4,True,35,mmlu_olmes,mmlu_global_facts:mc::olmes,mmlu_global_facts:mc,abe93df0daabe114b8f58bc0403370e9,acc_raw,100,0.34,34.0
ue5m3_proposed_b32,"Proposed UE5M3 FP4, B=32, cold D=50",fp4_activation_training_replay_d50,quantized_ue5m3_fp4,True,36,mmlu_olmes,mmlu_high_school_biology:mc::olmes,mmlu_high_school_biology:mc,85b9c284bdb7766f8302f5f68ea6d5ea,acc_raw,310,0.24838709677419354,24.838709677419356
ue5m3_proposed_b32,"Proposed UE5M3 FP4, B=32, cold D=50",fp4_activation_training_replay_d50,quantized_ue5m3_fp4,True,37,mmlu_olmes,mmlu_high_school_chemistry:mc::olmes,mmlu_high_school_chemistry:mc,5827c892e23b58ef2e73b1fff7d82785,acc_raw,203,0.24630541871921183,24.63054187192118
ue5m3_proposed_b32,"Proposed UE5M3 FP4, B=32, cold D=50",fp4_activation_training_replay_d50,quantized_ue5m3_fp4,True,38,mmlu_olmes,mmlu_high_school_computer_science:mc::olmes,mmlu_high_school_computer_science:mc,6d75fa6123dd1ed66ba94585a8b2bf39,acc_raw,100,0.3,30.0
ue5m3_proposed_b32,"Proposed UE5M3 FP4, B=32, cold D=50",fp4_activation_training_replay_d50,quantized_ue5m3_fp4,True,39,mmlu_olmes,mmlu_high_school_european_history:mc::olmes,mmlu_high_school_european_history:mc,549d578255eaa95f7f38eda146cc6a6f,acc_raw,165,0.2545454545454545,25.454545454545453
ue5m3_proposed_b32,"Proposed UE5M3 FP4, B=32, cold D=50",fp4_activation_training_replay_d50,quantized_ue5m3_fp4,True,40,mmlu_olmes,mmlu_high_school_geography:mc::olmes,mmlu_high_school_geography:mc,dc8a2714268b6839e30e7e5079b64427,acc_raw,198,0.21212121212121213,21.21212121212121
ue5m3_proposed_b32,"Proposed UE5M3 FP4, B=32, cold D=50",fp4_activation_training_replay_d50,quantized_ue5m3_fp4,True,41,mmlu_olmes,mmlu_high_school_government_and_politics:mc::olmes,mmlu_high_school_government_and_politics:mc,8a37fcf03946fe1bc4a34806f2cb5dce,acc_raw,193,0.18134715025906736,18.134715025906736
ue5m3_proposed_b32,"Proposed UE5M3 FP4, B=32, cold D=50",fp4_activation_training_replay_d50,quantized_ue5m3_fp4,True,42,mmlu_olmes,mmlu_high_school_macroeconomics:mc::olmes,mmlu_high_school_macroeconomics:mc,ccb44607c3c6469cd5fd9989bfcf2c41,acc_raw,390,0.2512820512820513,25.128205128205128
ue5m3_proposed_b32,"Proposed UE5M3 FP4, B=32, cold D=50",fp4_activation_training_replay_d50,quantized_ue5m3_fp4,True,43,mmlu_olmes,mmlu_high_school_mathematics:mc::olmes,mmlu_high_school_mathematics:mc,75eb1cfdca9c6c512d2654d308f8f680,acc_raw,270,0.25925925925925924,25.925925925925924
ue5m3_proposed_b32,"Proposed UE5M3 FP4, B=32, cold D=50",fp4_activation_training_replay_d50,quantized_ue5m3_fp4,True,44,mmlu_olmes,mmlu_high_school_microeconomics:mc::olmes,mmlu_high_school_microeconomics:mc,416b805a359dbae1c968cd7473076e01,acc_raw,238,0.226890756302521,22.689075630252102
ue5m3_proposed_b32,"Proposed UE5M3 FP4, B=32, cold D=50",fp4_activation_training_replay_d50,quantized_ue5m3_fp4,True,45,mmlu_olmes,mmlu_high_school_physics:mc::olmes,mmlu_high_school_physics:mc,10e66780e9dca3f32aba1ccf99269a3a,acc_raw,151,0.2052980132450331,20.52980132450331
ue5m3_proposed_b32,"Proposed UE5M3 FP4, B=32, cold D=50",fp4_activation_training_replay_d50,quantized_ue5m3_fp4,True,46,mmlu_olmes,mmlu_high_school_psychology:mc::olmes,mmlu_high_school_psychology:mc,99447030d2ce6ef8805646c1c34fcee4,acc_raw,545,0.24587155963302754,24.587155963302752
ue5m3_proposed_b32,"Proposed UE5M3 FP4, B=32, cold D=50",fp4_activation_training_replay_d50,quantized_ue5m3_fp4,True,47,mmlu_olmes,mmlu_high_school_statistics:mc::olmes,mmlu_high_school_statistics:mc,c020e14507911b6f3d966cfaad4534f1,acc_raw,216,0.3194444444444444,31.944444444444443
ue5m3_proposed_b32,"Proposed UE5M3 FP4, B=32, cold D=50",fp4_activation_training_replay_d50,quantized_ue5m3_fp4,True,48,mmlu_olmes,mmlu_high_school_us_history:mc::olmes,mmlu_high_school_us_history:mc,39a904d96d65a2dfbd0510fcea9880d7,acc_raw,204,0.24019607843137256,24.019607843137255
ue5m3_proposed_b32,"Proposed UE5M3 FP4, B=32, cold D=50",fp4_activation_training_replay_d50,quantized_ue5m3_fp4,True,49,mmlu_olmes,mmlu_high_school_world_history:mc::olmes,mmlu_high_school_world_history:mc,768c5cdb11af17a3440943d9e0b580dd,acc_raw,237,0.24472573839662448,24.47257383966245
ue5m3_proposed_b32,"Proposed UE5M3 FP4, B=32, cold D=50",fp4_activation_training_replay_d50,quantized_ue5m3_fp4,True,50,mmlu_olmes,mmlu_human_aging:mc::olmes,mmlu_human_aging:mc,93f0df9c8b68127692f1593f33d8a3ef,acc_raw,223,0.3183856502242152,31.838565022421523
ue5m3_proposed_b32,"Proposed UE5M3 FP4, B=32, cold D=50",fp4_activation_training_replay_d50,quantized_ue5m3_fp4,True,51,mmlu_olmes,mmlu_human_sexuality:mc::olmes,mmlu_human_sexuality:mc,a62edc21ec6f517a598a5dda52e84b43,acc_raw,131,0.31297709923664124,31.297709923664126
ue5m3_proposed_b32,"Proposed UE5M3 FP4, B=32, cold D=50",fp4_activation_training_replay_d50,quantized_ue5m3_fp4,True,52,mmlu_olmes,mmlu_international_law:mc::olmes,mmlu_international_law:mc,787374b70fc6053820673a14463d3eef,acc_raw,121,0.2396694214876033,23.96694214876033
ue5m3_proposed_b32,"Proposed UE5M3 FP4, B=32, cold D=50",fp4_activation_training_replay_d50,quantized_ue5m3_fp4,True,53,mmlu_olmes,mmlu_jurisprudence:mc::olmes,mmlu_jurisprudence:mc,62a7a1734abbc37dafe8313b6291d817,acc_raw,108,0.2962962962962963,29.629629629629626
ue5m3_proposed_b32,"Proposed UE5M3 FP4, B=32, cold D=50",fp4_activation_training_replay_d50,quantized_ue5m3_fp4,True,54,mmlu_olmes,mmlu_logical_fallacies:mc::olmes,mmlu_logical_fallacies:mc,a020032fa288c2fac6168a824df57170,acc_raw,163,0.26993865030674846,26.993865030674847
ue5m3_proposed_b32,"Proposed UE5M3 FP4, B=32, cold D=50",fp4_activation_training_replay_d50,quantized_ue5m3_fp4,True,55,mmlu_olmes,mmlu_machine_learning:mc::olmes,mmlu_machine_learning:mc,e3d4f22b97438517e698917faccba7da,acc_raw,112,0.30357142857142855,30.357142857142854
ue5m3_proposed_b32,"Proposed UE5M3 FP4, B=32, cold D=50",fp4_activation_training_replay_d50,quantized_ue5m3_fp4,True,56,mmlu_olmes,mmlu_management:mc::olmes,mmlu_management:mc,04b6414e648a7a3ba8402771facebd9e,acc_raw,103,0.2524271844660194,25.24271844660194
ue5m3_proposed_b32,"Proposed UE5M3 FP4, B=32, cold D=50",fp4_activation_training_replay_d50,quantized_ue5m3_fp4,True,57,mmlu_olmes,mmlu_marketing:mc::olmes,mmlu_marketing:mc,8e73bf0fb469a9eddfa7a8f258d99873,acc_raw,234,0.29914529914529914,29.914529914529915
ue5m3_proposed_b32,"Proposed UE5M3 FP4, B=32, cold D=50",fp4_activation_training_replay_d50,quantized_ue5m3_fp4,True,58,mmlu_olmes,mmlu_medical_genetics:mc::olmes,mmlu_medical_genetics:mc,bc9af3a22284b0a0d08e2c6a1f378d22,acc_raw,100,0.28,28.000000000000004
ue5m3_proposed_b32,"Proposed UE5M3 FP4, B=32, cold D=50",fp4_activation_training_replay_d50,quantized_ue5m3_fp4,True,59,mmlu_olmes,mmlu_miscellaneous:mc::olmes,mmlu_miscellaneous:mc,46b4ac7975c87092b13c0cf2ce85a4d1,acc_raw,783,0.2707535121328225,27.07535121328225
ue5m3_proposed_b32,"Proposed UE5M3 FP4, B=32, cold D=50",fp4_activation_training_replay_d50,quantized_ue5m3_fp4,True,60,mmlu_olmes,mmlu_moral_disputes:mc::olmes,mmlu_moral_disputes:mc,0664fc5034aba7df0fe1df2d1a217e88,acc_raw,346,0.2543352601156069,25.43352601156069
ue5m3_proposed_b32,"Proposed UE5M3 FP4, B=32, cold D=50",fp4_activation_training_replay_d50,quantized_ue5m3_fp4,True,61,mmlu_olmes,mmlu_moral_scenarios:mc::olmes,mmlu_moral_scenarios:mc,a2396dc8f3cdb9c9dd5e98fd351e9198,acc_raw,895,0.23128491620111732,23.12849162011173
ue5m3_proposed_b32,"Proposed UE5M3 FP4, B=32, cold D=50",fp4_activation_training_replay_d50,quantized_ue5m3_fp4,True,62,mmlu_olmes,mmlu_nutrition:mc::olmes,mmlu_nutrition:mc,8b190e2f404b28ca0cd715094e5386b1,acc_raw,306,0.26143790849673204,26.143790849673206
ue5m3_proposed_b32,"Proposed UE5M3 FP4, B=32, cold D=50",fp4_activation_training_replay_d50,quantized_ue5m3_fp4,True,63,mmlu_olmes,mmlu_philosophy:mc::olmes,mmlu_philosophy:mc,9b517eefa6d090b0622fc18650d70617,acc_raw,311,0.2604501607717042,26.04501607717042
ue5m3_proposed_b32,"Proposed UE5M3 FP4, B=32, cold D=50",fp4_activation_training_replay_d50,quantized_ue5m3_fp4,True,64,mmlu_olmes,mmlu_prehistory:mc::olmes,mmlu_prehistory:mc,fcfa15d6031340a724aaa21ae383922e,acc_raw,324,0.2623456790123457,26.234567901234566
ue5m3_proposed_b32,"Proposed UE5M3 FP4, B=32, cold D=50",fp4_activation_training_replay_d50,quantized_ue5m3_fp4,True,65,mmlu_olmes,mmlu_professional_accounting:mc::olmes,mmlu_professional_accounting:mc,233710033ac6f9a2c339a08d7344c9d0,acc_raw,282,0.25886524822695034,25.886524822695034
ue5m3_proposed_b32,"Proposed UE5M3 FP4, B=32, cold D=50",fp4_activation_training_replay_d50,quantized_ue5m3_fp4,True,66,mmlu_olmes,mmlu_professional_law:mc::olmes,mmlu_professional_law:mc,df18d9512e07e1c6f633ee039a943e23,acc_raw,1534,0.24185136897001303,24.185136897001303
ue5m3_proposed_b32,"Proposed UE5M3 FP4, B=32, cold D=50",fp4_activation_training_replay_d50,quantized_ue5m3_fp4,True,67,mmlu_olmes,mmlu_professional_medicine:mc::olmes,mmlu_professional_medicine:mc,1e3f139838d69169d5a80ebb58be505a,acc_raw,272,0.40808823529411764,40.80882352941176
ue5m3_proposed_b32,"Proposed UE5M3 FP4, B=32, cold D=50",fp4_activation_training_replay_d50,quantized_ue5m3_fp4,True,68,mmlu_olmes,mmlu_professional_psychology:mc::olmes,mmlu_professional_psychology:mc,ee984454c2b6c8ce9d942162f4563c66,acc_raw,612,0.2565359477124183,25.653594771241828
ue5m3_proposed_b32,"Proposed UE5M3 FP4, B=32, cold D=50",fp4_activation_training_replay_d50,quantized_ue5m3_fp4,True,69,mmlu_olmes,mmlu_public_relations:mc::olmes,mmlu_public_relations:mc,8b1e2c5a479ea01b9bf00bbd37ac4cb1,acc_raw,110,0.3,30.0
ue5m3_proposed_b32,"Proposed UE5M3 FP4, B=32, cold D=50",fp4_activation_training_replay_d50,quantized_ue5m3_fp4,True,70,mmlu_olmes,mmlu_security_studies:mc::olmes,mmlu_security_studies:mc,f45a610fabc63b178d02b9705769e51a,acc_raw,245,0.15918367346938775,15.918367346938775
ue5m3_proposed_b32,"Proposed UE5M3 FP4, B=32, cold D=50",fp4_activation_training_replay_d50,quantized_ue5m3_fp4,True,71,mmlu_olmes,mmlu_sociology:mc::olmes,mmlu_sociology:mc,ab7475a0c07ff6128f3c340e30a2c48d,acc_raw,201,0.25870646766169153,25.870646766169152
ue5m3_proposed_b32,"Proposed UE5M3 FP4, B=32, cold D=50",fp4_activation_training_replay_d50,quantized_ue5m3_fp4,True,72,mmlu_olmes,mmlu_us_foreign_policy:mc::olmes,mmlu_us_foreign_policy:mc,e8aaa8bc89da8c987774b45a635a5874,acc_raw,100,0.24,24.0
ue5m3_proposed_b32,"Proposed UE5M3 FP4, B=32, cold D=50",fp4_activation_training_replay_d50,quantized_ue5m3_fp4,True,73,mmlu_olmes,mmlu_virology:mc::olmes,mmlu_virology:mc,7b03eddd30aced0d2872e78119dce06c,acc_raw,166,0.29518072289156627,29.518072289156628
ue5m3_proposed_b32,"Proposed UE5M3 FP4, B=32, cold D=50",fp4_activation_training_replay_d50,quantized_ue5m3_fp4,True,74,mmlu_olmes,mmlu_world_religions:mc::olmes,mmlu_world_religions:mc,2b77bb4249a09c916d061ae0d5b378bd,acc_raw,171,0.30409356725146197,30.409356725146196
ue5m3_proposed_b32,"Proposed UE5M3 FP4, B=32, cold D=50",fp4_activation_training_replay_d50,quantized_ue5m3_fp4,True,75,mmlu_olmes,mmlu_abstract_algebra:rc::olmes,mmlu_abstract_algebra,15700d84a97667659182d75884f934cd,acc_per_char,100,0.27,27.0
ue5m3_proposed_b32,"Proposed UE5M3 FP4, B=32, cold D=50",fp4_activation_training_replay_d50,quantized_ue5m3_fp4,True,76,mmlu_olmes,mmlu_anatomy:rc::olmes,mmlu_anatomy,0cdcee2423fbe040b1e5ff34b0af45e6,acc_per_char,135,0.4148148148148148,41.48148148148148
ue5m3_proposed_b32,"Proposed UE5M3 FP4, B=32, cold D=50",fp4_activation_training_replay_d50,quantized_ue5m3_fp4,True,77,mmlu_olmes,mmlu_astronomy:rc::olmes,mmlu_astronomy,13d838006e583f18e99063d8b219a97b,acc_per_char,152,0.4342105263157895,43.42105263157895
ue5m3_proposed_b32,"Proposed UE5M3 FP4, B=32, cold D=50",fp4_activation_training_replay_d50,quantized_ue5m3_fp4,True,78,mmlu_olmes,mmlu_business_ethics:rc::olmes,mmlu_business_ethics,715185b32494e985a6dee5becfcd82ac,acc_per_char,100,0.52,52.0
ue5m3_proposed_b32,"Proposed UE5M3 FP4, B=32, cold D=50",fp4_activation_training_replay_d50,quantized_ue5m3_fp4,True,79,mmlu_olmes,mmlu_clinical_knowledge:rc::olmes,mmlu_clinical_knowledge,523c347f74ddd79f7fb2c15eee89d4e7,acc_per_char,265,0.4339622641509434,43.39622641509434
ue5m3_proposed_b32,"Proposed UE5M3 FP4, B=32, cold D=50",fp4_activation_training_replay_d50,quantized_ue5m3_fp4,True,80,mmlu_olmes,mmlu_college_biology:rc::olmes,mmlu_college_biology,966e8cfd13dcf0edc71778a03a922090,acc_per_char,144,0.4027777777777778,40.27777777777778
ue5m3_proposed_b32,"Proposed UE5M3 FP4, B=32, cold D=50",fp4_activation_training_replay_d50,quantized_ue5m3_fp4,True,81,mmlu_olmes,mmlu_college_chemistry:rc::olmes,mmlu_college_chemistry,70f725b1d196bca595c7b851cdcc6644,acc_per_char,100,0.32,32.0
ue5m3_proposed_b32,"Proposed UE5M3 FP4, B=32, cold D=50",fp4_activation_training_replay_d50,quantized_ue5m3_fp4,True,82,mmlu_olmes,mmlu_college_computer_science:rc::olmes,mmlu_college_computer_science,eb1e7cea65f6797185cc87483e3f19fe,acc_per_char,100,0.32,32.0
ue5m3_proposed_b32,"Proposed UE5M3 FP4, B=32, cold D=50",fp4_activation_training_replay_d50,quantized_ue5m3_fp4,True,83,mmlu_olmes,mmlu_college_mathematics:rc::olmes,mmlu_college_mathematics,18dd2cd649daf7a06132d51a6e17c35d,acc_per_char,100,0.15,15.0
ue5m3_proposed_b32,"Proposed UE5M3 FP4, B=32, cold D=50",fp4_activation_training_replay_d50,quantized_ue5m3_fp4,True,84,mmlu_olmes,mmlu_college_medicine:rc::olmes,mmlu_college_medicine,d92b222841c28a98039763c60b61ee73,acc_per_char,173,0.3699421965317919,36.99421965317919
ue5m3_proposed_b32,"Proposed UE5M3 FP4, B=32, cold D=50",fp4_activation_training_replay_d50,quantized_ue5m3_fp4,True,85,mmlu_olmes,mmlu_college_physics:rc::olmes,mmlu_college_physics,63cbfbf37f8fcf7fd03052712d5b5d24,acc_per_char,102,0.27450980392156865,27.450980392156865
ue5m3_proposed_b32,"Proposed UE5M3 FP4, B=32, cold D=50",fp4_activation_training_replay_d50,quantized_ue5m3_fp4,True,86,mmlu_olmes,mmlu_computer_security:rc::olmes,mmlu_computer_security,95adfb15effac11bb4b7b4312e8c2a05,acc_per_char,100,0.49,49.0
ue5m3_proposed_b32,"Proposed UE5M3 FP4, B=32, cold D=50",fp4_activation_training_replay_d50,quantized_ue5m3_fp4,True,87,mmlu_olmes,mmlu_conceptual_physics:rc::olmes,mmlu_conceptual_physics,567f44d0f94d8fa4a0119c131e858075,acc_per_char,235,0.43829787234042555,43.829787234042556
ue5m3_proposed_b32,"Proposed UE5M3 FP4, B=32, cold D=50",fp4_activation_training_replay_d50,quantized_ue5m3_fp4,True,88,mmlu_olmes,mmlu_econometrics:rc::olmes,mmlu_econometrics,cb799ab80dc053a353c3bcc7b9386abf,acc_per_char,114,0.2982456140350877,29.82456140350877
ue5m3_proposed_b32,"Proposed UE5M3 FP4, B=32, cold D=50",fp4_activation_training_replay_d50,quantized_ue5m3_fp4,True,89,mmlu_olmes,mmlu_electrical_engineering:rc::olmes,mmlu_electrical_engineering,15723c065162a191867085b670c56b73,acc_per_char,145,0.296551724137931,29.655172413793103
ue5m3_proposed_b32,"Proposed UE5M3 FP4, B=32, cold D=50",fp4_activation_training_replay_d50,quantized_ue5m3_fp4,True,90,mmlu_olmes,mmlu_elementary_mathematics:rc::olmes,mmlu_elementary_mathematics,b17cb50df9dc3885e7dbcb4fef405683,acc_per_char,378,0.34656084656084657,34.65608465608466
ue5m3_proposed_b32,"Proposed UE5M3 FP4, B=32, cold D=50",fp4_activation_training_replay_d50,quantized_ue5m3_fp4,True,91,mmlu_olmes,mmlu_formal_logic:rc::olmes,mmlu_formal_logic,82b5ac945cc5c2f1cb54beff73486830,acc_per_char,126,0.25396825396825395,25.396825396825395
ue5m3_proposed_b32,"Proposed UE5M3 FP4, B=32, cold D=50",fp4_activation_training_replay_d50,quantized_ue5m3_fp4,True,92,mmlu_olmes,mmlu_global_facts:rc::olmes,mmlu_global_facts,5acad514fa0105c06b71f6c924ef5b04,acc_per_char,100,0.24,24.0
ue5m3_proposed_b32,"Proposed UE5M3 FP4, B=32, cold D=50",fp4_activation_training_replay_d50,quantized_ue5m3_fp4,True,93,mmlu_olmes,mmlu_high_school_biology:rc::olmes,mmlu_high_school_biology,d8ddda6f3e5c7889d7d36ff8dd51cc52,acc_per_char,310,0.4612903225806452,46.12903225806452
ue5m3_proposed_b32,"Proposed UE5M3 FP4, B=32, cold D=50",fp4_activation_training_replay_d50,quantized_ue5m3_fp4,True,94,mmlu_olmes,mmlu_high_school_chemistry:rc::olmes,mmlu_high_school_chemistry,b905822505fc6bf87ee81088ffd93b9f,acc_per_char,203,0.270935960591133,27.093596059113302
ue5m3_proposed_b32,"Proposed UE5M3 FP4, B=32, cold D=50",fp4_activation_training_replay_d50,quantized_ue5m3_fp4,True,95,mmlu_olmes,mmlu_high_school_computer_science:rc::olmes,mmlu_high_school_computer_science,1f6e4443a6932f4e6c85ae1ee2ea6857,acc_per_char,100,0.38,38.0
ue5m3_proposed_b32,"Proposed UE5M3 FP4, B=32, cold D=50",fp4_activation_training_replay_d50,quantized_ue5m3_fp4,True,96,mmlu_olmes,mmlu_high_school_european_history:rc::olmes,mmlu_high_school_european_history,297df68d8b8abb3dac4039039adf6936,acc_per_char,165,0.44242424242424244,44.24242424242424
ue5m3_proposed_b32,"Proposed UE5M3 FP4, B=32, cold D=50",fp4_activation_training_replay_d50,quantized_ue5m3_fp4,True,97,mmlu_olmes,mmlu_high_school_geography:rc::olmes,mmlu_high_school_geography,09a0ea8c0d69e87db9d64b78e47808da,acc_per_char,198,0.4393939393939394,43.93939393939394
ue5m3_proposed_b32,"Proposed UE5M3 FP4, B=32, cold D=50",fp4_activation_training_replay_d50,quantized_ue5m3_fp4,True,98,mmlu_olmes,mmlu_high_school_government_and_politics:rc::olmes,mmlu_high_school_government_and_politics,690e157a2167b4be83aeb3025e100359,acc_per_char,193,0.533678756476684,53.36787564766839
ue5m3_proposed_b32,"Proposed UE5M3 FP4, B=32, cold D=50",fp4_activation_training_replay_d50,quantized_ue5m3_fp4,True,99,mmlu_olmes,mmlu_high_school_macroeconomics:rc::olmes,mmlu_high_school_macroeconomics,5cd50ebcbec63cd7b59273fb53e145a2,acc_per_char,390,0.3717948717948718,37.17948717948718
ue5m3_proposed_b32,"Proposed UE5M3 FP4, B=32, cold D=50",fp4_activation_training_replay_d50,quantized_ue5m3_fp4,True,100,mmlu_olmes,mmlu_high_school_mathematics:rc::olmes,mmlu_high_school_mathematics,0a5104b0df6138995e01f4d9e30bf3bc,acc_per_char,270,0.15555555555555556,15.555555555555555
ue5m3_proposed_b32,"Proposed UE5M3 FP4, B=32, cold D=50",fp4_activation_training_replay_d50,quantized_ue5m3_fp4,True,101,mmlu_olmes,mmlu_high_school_microeconomics:rc::olmes,mmlu_high_school_microeconomics,47974510bc14d32dee9c1ae0da6aa77c,acc_per_char,238,0.44537815126050423,44.537815126050425
ue5m3_proposed_b32,"Proposed UE5M3 FP4, B=32, cold D=50",fp4_activation_training_replay_d50,quantized_ue5m3_fp4,True,102,mmlu_olmes,mmlu_high_school_physics:rc::olmes,mmlu_high_school_physics,70926d73081fbee1ee38fc002891a21a,acc_per_char,151,0.2582781456953642,25.82781456953642
ue5m3_proposed_b32,"Proposed UE5M3 FP4, B=32, cold D=50",fp4_activation_training_replay_d50,quantized_ue5m3_fp4,True,103,mmlu_olmes,mmlu_high_school_psychology:rc::olmes,mmlu_high_school_psychology,63dd68a97d1abf7f719137d6f0d45d73,acc_per_char,545,0.5614678899082569,56.14678899082569
ue5m3_proposed_b32,"Proposed UE5M3 FP4, B=32, cold D=50",fp4_activation_training_replay_d50,quantized_ue5m3_fp4,True,104,mmlu_olmes,mmlu_high_school_statistics:rc::olmes,mmlu_high_school_statistics,b25c8a521d2fb1d28a97e478d686eeaa,acc_per_char,216,0.3101851851851852,31.01851851851852
ue5m3_proposed_b32,"Proposed UE5M3 FP4, B=32, cold D=50",fp4_activation_training_replay_d50,quantized_ue5m3_fp4,True,105,mmlu_olmes,mmlu_high_school_us_history:rc::olmes,mmlu_high_school_us_history,8290ed79cc88afc721c6f79b7318f541,acc_per_char,204,0.43137254901960786,43.13725490196079
ue5m3_proposed_b32,"Proposed UE5M3 FP4, B=32, cold D=50",fp4_activation_training_replay_d50,quantized_ue5m3_fp4,True,106,mmlu_olmes,mmlu_high_school_world_history:rc::olmes,mmlu_high_school_world_history,934305afb0d486dcc158182788d0acfb,acc_per_char,237,0.4008438818565401,40.08438818565401
ue5m3_proposed_b32,"Proposed UE5M3 FP4, B=32, cold D=50",fp4_activation_training_replay_d50,quantized_ue5m3_fp4,True,107,mmlu_olmes,mmlu_human_aging:rc::olmes,mmlu_human_aging,8d2b538449931b69b893e86b7416a7e7,acc_per_char,223,0.4663677130044843,46.63677130044843
ue5m3_proposed_b32,"Proposed UE5M3 FP4, B=32, cold D=50",fp4_activation_training_replay_d50,quantized_ue5m3_fp4,True,108,mmlu_olmes,mmlu_human_sexuality:rc::olmes,mmlu_human_sexuality,88583bc91896ae15628a7050a8e8a08e,acc_per_char,131,0.4198473282442748,41.98473282442748
ue5m3_proposed_b32,"Proposed UE5M3 FP4, B=32, cold D=50",fp4_activation_training_replay_d50,quantized_ue5m3_fp4,True,109,mmlu_olmes,mmlu_international_law:rc::olmes,mmlu_international_law,13a4e0bd7a029f10d0e8f9f01f60652e,acc_per_char,121,0.34710743801652894,34.710743801652896
ue5m3_proposed_b32,"Proposed UE5M3 FP4, B=32, cold D=50",fp4_activation_training_replay_d50,quantized_ue5m3_fp4,True,110,mmlu_olmes,mmlu_jurisprudence:rc::olmes,mmlu_jurisprudence,4bb149c58cd53f521d90f628858862ab,acc_per_char,108,0.4074074074074074,40.74074074074074
ue5m3_proposed_b32,"Proposed UE5M3 FP4, B=32, cold D=50",fp4_activation_training_replay_d50,quantized_ue5m3_fp4,True,111,mmlu_olmes,mmlu_logical_fallacies:rc::olmes,mmlu_logical_fallacies,d0506b820ec8299d87c27079f988edb9,acc_per_char,163,0.4171779141104294,41.717791411042946
ue5m3_proposed_b32,"Proposed UE5M3 FP4, B=32, cold D=50",fp4_activation_training_replay_d50,quantized_ue5m3_fp4,True,112,mmlu_olmes,mmlu_machine_learning:rc::olmes,mmlu_machine_learning,d6289aec8cc57955804f5bdd7d78a0ab,acc_per_char,112,0.2767857142857143,27.67857142857143
ue5m3_proposed_b32,"Proposed UE5M3 FP4, B=32, cold D=50",fp4_activation_training_replay_d50,quantized_ue5m3_fp4,True,113,mmlu_olmes,mmlu_management:rc::olmes,mmlu_management,5fdf48777d60532ea48c4228971ab9ce,acc_per_char,103,0.5825242718446602,58.252427184466015
ue5m3_proposed_b32,"Proposed UE5M3 FP4, B=32, cold D=50",fp4_activation_training_replay_d50,quantized_ue5m3_fp4,True,114,mmlu_olmes,mmlu_marketing:rc::olmes,mmlu_marketing,ec59840b552e1b522ddcc91ebdd6bcdb,acc_per_char,234,0.5256410256410257,52.56410256410257
ue5m3_proposed_b32,"Proposed UE5M3 FP4, B=32, cold D=50",fp4_activation_training_replay_d50,quantized_ue5m3_fp4,True,115,mmlu_olmes,mmlu_medical_genetics:rc::olmes,mmlu_medical_genetics,d21901ce2a60dd0484298f1929cd69e8,acc_per_char,100,0.44,44.0
ue5m3_proposed_b32,"Proposed UE5M3 FP4, B=32, cold D=50",fp4_activation_training_replay_d50,quantized_ue5m3_fp4,True,116,mmlu_olmes,mmlu_miscellaneous:rc::olmes,mmlu_miscellaneous,53ccadb71923b35e1dfa8d894e2e3fc4,acc_per_char,783,0.5759897828863346,57.59897828863346
ue5m3_proposed_b32,"Proposed UE5M3 FP4, B=32, cold D=50",fp4_activation_training_replay_d50,quantized_ue5m3_fp4,True,117,mmlu_olmes,mmlu_moral_disputes:rc::olmes,mmlu_moral_disputes,819a39344d1c377340e72e649cabebe9,acc_per_char,346,0.3439306358381503,34.39306358381503
ue5m3_proposed_b32,"Proposed UE5M3 FP4, B=32, cold D=50",fp4_activation_training_replay_d50,quantized_ue5m3_fp4,True,118,mmlu_olmes,mmlu_moral_scenarios:rc::olmes,mmlu_moral_scenarios,cc409292717ac8649a1cd0cd7dc9fc73,acc_per_char,895,0.2782122905027933,27.821229050279328
ue5m3_proposed_b32,"Proposed UE5M3 FP4, B=32, cold D=50",fp4_activation_training_replay_d50,quantized_ue5m3_fp4,True,119,mmlu_olmes,mmlu_nutrition:rc::olmes,mmlu_nutrition,61f9d819256c12d6bc8d289c7483b9c3,acc_per_char,306,0.34967320261437906,34.967320261437905
ue5m3_proposed_b32,"Proposed UE5M3 FP4, B=32, cold D=50",fp4_activation_training_replay_d50,quantized_ue5m3_fp4,True,120,mmlu_olmes,mmlu_philosophy:rc::olmes,mmlu_philosophy,7b23cc5f2ff6984858f9f5ba128b8216,acc_per_char,311,0.3890675241157556,38.90675241157556
ue5m3_proposed_b32,"Proposed UE5M3 FP4, B=32, cold D=50",fp4_activation_training_replay_d50,quantized_ue5m3_fp4,True,121,mmlu_olmes,mmlu_prehistory:rc::olmes,mmlu_prehistory,48fd13dbcd0c721b8d69339ee8209f97,acc_per_char,324,0.42592592592592593,42.592592592592595
ue5m3_proposed_b32,"Proposed UE5M3 FP4, B=32, cold D=50",fp4_activation_training_replay_d50,quantized_ue5m3_fp4,True,122,mmlu_olmes,mmlu_professional_accounting:rc::olmes,mmlu_professional_accounting,57a5dba0840cc14c94ed31f79dee4ac7,acc_per_char,282,0.2801418439716312,28.01418439716312
ue5m3_proposed_b32,"Proposed UE5M3 FP4, B=32, cold D=50",fp4_activation_training_replay_d50,quantized_ue5m3_fp4,True,123,mmlu_olmes,mmlu_professional_law:rc::olmes,mmlu_professional_law,56030e99119525ae79b8abf107affc40,acc_per_char,1534,0.28552803129074317,28.552803129074317
ue5m3_proposed_b32,"Proposed UE5M3 FP4, B=32, cold D=50",fp4_activation_training_replay_d50,quantized_ue5m3_fp4,True,124,mmlu_olmes,mmlu_professional_medicine:rc::olmes,mmlu_professional_medicine,2b0232ca5abb81ded631049ad557a96e,acc_per_char,272,0.3639705882352941,36.39705882352941
ue5m3_proposed_b32,"Proposed UE5M3 FP4, B=32, cold D=50",fp4_activation_training_replay_d50,quantized_ue5m3_fp4,True,125,mmlu_olmes,mmlu_professional_psychology:rc::olmes,mmlu_professional_psychology,77f07f47e032860fc6442c27cde81ac5,acc_per_char,612,0.35947712418300654,35.947712418300654
ue5m3_proposed_b32,"Proposed UE5M3 FP4, B=32, cold D=50",fp4_activation_training_replay_d50,quantized_ue5m3_fp4,True,126,mmlu_olmes,mmlu_public_relations:rc::olmes,mmlu_public_relations,b3d8e8d8619b36ec8f35ac6eedd1d242,acc_per_char,110,0.38181818181818183,38.18181818181819
ue5m3_proposed_b32,"Proposed UE5M3 FP4, B=32, cold D=50",fp4_activation_training_replay_d50,quantized_ue5m3_fp4,True,127,mmlu_olmes,mmlu_security_studies:rc::olmes,mmlu_security_studies,a7d55a48b6fa8697683abd6458dd2310,acc_per_char,245,0.27346938775510204,27.346938775510203
ue5m3_proposed_b32,"Proposed UE5M3 FP4, B=32, cold D=50",fp4_activation_training_replay_d50,quantized_ue5m3_fp4,True,128,mmlu_olmes,mmlu_sociology:rc::olmes,mmlu_sociology,b30a972cad094aa6687f34495f4f5d9d,acc_per_char,201,0.3681592039800995,36.81592039800995
ue5m3_proposed_b32,"Proposed UE5M3 FP4, B=32, cold D=50",fp4_activation_training_replay_d50,quantized_ue5m3_fp4,True,129,mmlu_olmes,mmlu_us_foreign_policy:rc::olmes,mmlu_us_foreign_policy,14c587e70a64652d43ccb2972a2ee520,acc_per_char,100,0.46,46.0
ue5m3_proposed_b32,"Proposed UE5M3 FP4, B=32, cold D=50",fp4_activation_training_replay_d50,quantized_ue5m3_fp4,True,130,mmlu_olmes,mmlu_virology:rc::olmes,mmlu_virology,de01c561afecb3cde13432a3ccf073b6,acc_per_char,166,0.3192771084337349,31.92771084337349
ue5m3_proposed_b32,"Proposed UE5M3 FP4, B=32, cold D=50",fp4_activation_training_replay_d50,quantized_ue5m3_fp4,True,131,mmlu_olmes,mmlu_world_religions:rc::olmes,mmlu_world_religions,fa1acd404b2bda70e3664747e3c3db22,acc_per_char,171,0.6666666666666666,66.66666666666666
ue5m3_proposed_b32,"Proposed UE5M3 FP4, B=32, cold D=50",fp4_activation_training_replay_d50,quantized_ue5m3_fp4,True,132,mmlu_pro_mc,mmlu_pro_math:mc::none,mmlu_pro_math,2f02776911c1a63e3bf3c96fbeeeccff,acc_raw,1351,0.10214655810510732,10.214655810510733
ue5m3_proposed_b32,"Proposed UE5M3 FP4, B=32, cold D=50",fp4_activation_training_replay_d50,quantized_ue5m3_fp4,True,133,mmlu_pro_mc,mmlu_pro_health:mc::none,mmlu_pro_health,b12866ee79da1af676f9ef6d2cc6a223,acc_raw,818,0.11613691931540342,11.613691931540341
ue5m3_proposed_b32,"Proposed UE5M3 FP4, B=32, cold D=50",fp4_activation_training_replay_d50,quantized_ue5m3_fp4,True,134,mmlu_pro_mc,mmlu_pro_physics:mc::none,mmlu_pro_physics,afe121df881d1e4e6ed6086e76d3e22a,acc_raw,1299,0.0939183987682833,9.39183987682833
ue5m3_proposed_b32,"Proposed UE5M3 FP4, B=32, cold D=50",fp4_activation_training_replay_d50,quantized_ue5m3_fp4,True,135,mmlu_pro_mc,mmlu_pro_business:mc::none,mmlu_pro_business,8bcb1367c4dde160afbaf772d2920c42,acc_raw,789,0.08238276299112801,8.238276299112801
ue5m3_proposed_b32,"Proposed UE5M3 FP4, B=32, cold D=50",fp4_activation_training_replay_d50,quantized_ue5m3_fp4,True,136,mmlu_pro_mc,mmlu_pro_biology:mc::none,mmlu_pro_biology,04a6eab9701cdeacd44a1ce81b45c5e6,acc_raw,717,0.11297071129707113,11.297071129707113
ue5m3_proposed_b32,"Proposed UE5M3 FP4, B=32, cold D=50",fp4_activation_training_replay_d50,quantized_ue5m3_fp4,True,137,mmlu_pro_mc,mmlu_pro_chemistry:mc::none,mmlu_pro_chemistry,7e12262fe7a703eb0b277aba4d3522e3,acc_raw,1132,0.12102473498233215,12.102473498233216
ue5m3_proposed_b32,"Proposed UE5M3 FP4, B=32, cold D=50",fp4_activation_training_replay_d50,quantized_ue5m3_fp4,True,138,mmlu_pro_mc,mmlu_pro_computer science:mc::none,mmlu_pro_computer science,2b87f63e753ec559787205262fa3cfd6,acc_raw,410,0.12682926829268293,12.682926829268293
ue5m3_proposed_b32,"Proposed UE5M3 FP4, B=32, cold D=50",fp4_activation_training_replay_d50,quantized_ue5m3_fp4,True,139,mmlu_pro_mc,mmlu_pro_economics:mc::none,mmlu_pro_economics,1f244c402cf1d30b526aeb45853fcd6d,acc_raw,844,0.11492890995260663,11.492890995260662
ue5m3_proposed_b32,"Proposed UE5M3 FP4, B=32, cold D=50",fp4_activation_training_replay_d50,quantized_ue5m3_fp4,True,140,mmlu_pro_mc,mmlu_pro_engineering:mc::none,mmlu_pro_engineering,54bbb809be7d6561080cd2de064b5ae0,acc_raw,969,0.10629514963880289,10.62951496388029
ue5m3_proposed_b32,"Proposed UE5M3 FP4, B=32, cold D=50",fp4_activation_training_replay_d50,quantized_ue5m3_fp4,True,141,mmlu_pro_mc,mmlu_pro_philosophy:mc::none,mmlu_pro_philosophy,5b7c6ac776a56489682222be6f541625,acc_raw,499,0.13026052104208416,13.026052104208416
ue5m3_proposed_b32,"Proposed UE5M3 FP4, B=32, cold D=50",fp4_activation_training_replay_d50,quantized_ue5m3_fp4,True,142,mmlu_pro_mc,mmlu_pro_other:mc::none,mmlu_pro_other,0b6ca1930bca1d0f42dc530297c7f613,acc_raw,924,0.11255411255411256,11.255411255411255
ue5m3_proposed_b32,"Proposed UE5M3 FP4, B=32, cold D=50",fp4_activation_training_replay_d50,quantized_ue5m3_fp4,True,143,mmlu_pro_mc,mmlu_pro_history:mc::none,mmlu_pro_history,12ff9c5cffacabb6082bd196f004bdc7,acc_raw,381,0.14435695538057744,14.435695538057743
ue5m3_proposed_b32,"Proposed UE5M3 FP4, B=32, cold D=50",fp4_activation_training_replay_d50,quantized_ue5m3_fp4,True,144,mmlu_pro_mc,mmlu_pro_psychology:mc::none,mmlu_pro_psychology,6b377ac052d6e9c0346a30a4c109d290,acc_raw,798,0.11528822055137844,11.528822055137844
ue5m3_proposed_b32,"Proposed UE5M3 FP4, B=32, cold D=50",fp4_activation_training_replay_d50,quantized_ue5m3_fp4,True,145,mmlu_pro_mc,mmlu_pro_law:mc::none,mmlu_pro_law,7e5b61df22d557ef28caee941b91aa69,acc_raw,1101,0.11080835603996367,11.080835603996366
ue5m3_proposed_torch,"Proposed UE5M3 FP4, generic Torch emulator, cold D=50",fp4_activation_training_replay_d50,quantized_ue5m3_fp4,True,0,core_9mcqa_olmes,arc_easy:mc::olmes,arc_easy:mc,c8c246d1822e8ad46441536ef5c4f4f3,acc_raw,1000,0.239,23.9
ue5m3_proposed_torch,"Proposed UE5M3 FP4, generic Torch emulator, cold D=50",fp4_activation_training_replay_d50,quantized_ue5m3_fp4,True,1,core_9mcqa_olmes,arc_easy:rc::olmes,arc_easy,53bd6ac04aafb5f2d1c5ab836325f27e,acc_per_char,1000,0.745,74.5
ue5m3_proposed_torch,"Proposed UE5M3 FP4, generic Torch emulator, cold D=50",fp4_activation_training_replay_d50,quantized_ue5m3_fp4,True,2,core_9mcqa_olmes,arc_challenge:mc::olmes,arc_challenge:mc,903ed260afcf0caaf0450b55e69ddf3a,acc_raw,1172,0.2525597269624573,25.25597269624573
ue5m3_proposed_torch,"Proposed UE5M3 FP4, generic Torch emulator, cold D=50",fp4_activation_training_replay_d50,quantized_ue5m3_fp4,True,3,core_9mcqa_olmes,arc_challenge:rc::olmes,arc_challenge,cac12ad4468d93ad9fc41cb9599795c6,acc_uncond,1172,0.4709897610921502,47.098976109215016
ue5m3_proposed_torch,"Proposed UE5M3 FP4, generic Torch emulator, cold D=50",fp4_activation_training_replay_d50,quantized_ue5m3_fp4,True,4,core_9mcqa_olmes,boolq:mc::olmes,boolq:mc,315dba082fe52a6058cdc5b806550ce4,acc_raw,1000,0.475,47.5
ue5m3_proposed_torch,"Proposed UE5M3 FP4, generic Torch emulator, cold D=50",fp4_activation_training_replay_d50,quantized_ue5m3_fp4,True,5,core_9mcqa_olmes,boolq:rc::olmes,boolq,0bfbc3015e70e6dfba1f6b9b266334ba,acc_raw,1000,0.672,67.2
ue5m3_proposed_torch,"Proposed UE5M3 FP4, generic Torch emulator, cold D=50",fp4_activation_training_replay_d50,quantized_ue5m3_fp4,True,6,core_9mcqa_olmes,csqa:mc::olmes,csqa:mc,d0de18d67d31994a2b5e2d2e87918a36,acc_raw,1221,0.19492219492219492,19.492219492219494
ue5m3_proposed_torch,"Proposed UE5M3 FP4, generic Torch emulator, cold D=50",fp4_activation_training_replay_d50,quantized_ue5m3_fp4,True,7,core_9mcqa_olmes,csqa:rc::olmes,csqa,095f3f94d29c4f17ff7005f7252ba051,acc_uncond,1221,0.6732186732186732,67.32186732186733
ue5m3_proposed_torch,"Proposed UE5M3 FP4, generic Torch emulator, cold D=50",fp4_activation_training_replay_d50,quantized_ue5m3_fp4,True,8,core_9mcqa_olmes,hellaswag:mc::olmes,hellaswag:mc,58011dd35e359a4de96cd11745a16895,acc_raw,1000,0.253,25.3
ue5m3_proposed_torch,"Proposed UE5M3 FP4, generic Torch emulator, cold D=50",fp4_activation_training_replay_d50,quantized_ue5m3_fp4,True,9,core_9mcqa_olmes,hellaswag:rc::olmes,hellaswag,126122195b41bf14d9091a9cdd414690,acc_per_char,1000,0.701,70.1
ue5m3_proposed_torch,"Proposed UE5M3 FP4, generic Torch emulator, cold D=50",fp4_activation_training_replay_d50,quantized_ue5m3_fp4,True,10,core_9mcqa_olmes,openbookqa:mc::olmes,openbookqa:mc,17ee8b464c2aae92e093fb7096684165,acc_raw,500,0.25,25.0
ue5m3_proposed_torch,"Proposed UE5M3 FP4, generic Torch emulator, cold D=50",fp4_activation_training_replay_d50,quantized_ue5m3_fp4,True,11,core_9mcqa_olmes,openbookqa:rc::olmes,openbookqa,8c852627a335c1a263d4bbc6deea2be0,acc_uncond,500,0.534,53.400000000000006
ue5m3_proposed_torch,"Proposed UE5M3 FP4, generic Torch emulator, cold D=50",fp4_activation_training_replay_d50,quantized_ue5m3_fp4,True,12,core_9mcqa_olmes,piqa:mc::olmes,piqa:mc,f4cc9f661d585e160a1d8eb867cd040c,acc_raw,1000,0.486,48.6
ue5m3_proposed_torch,"Proposed UE5M3 FP4, generic Torch emulator, cold D=50",fp4_activation_training_replay_d50,quantized_ue5m3_fp4,True,13,core_9mcqa_olmes,piqa:rc::olmes,piqa,f63d922029758d577fcc9dba83c9de5c,acc_per_char,1000,0.75,75.0
ue5m3_proposed_torch,"Proposed UE5M3 FP4, generic Torch emulator, cold D=50",fp4_activation_training_replay_d50,quantized_ue5m3_fp4,True,14,core_9mcqa_olmes,socialiqa:mc::olmes,socialiqa:mc,1f8ad25448306986fa263f77e5966e9e,acc_raw,1000,0.347,34.699999999999996
ue5m3_proposed_torch,"Proposed UE5M3 FP4, generic Torch emulator, cold D=50",fp4_activation_training_replay_d50,quantized_ue5m3_fp4,True,15,core_9mcqa_olmes,socialiqa:rc::olmes,socialiqa,18e6bcddd3ce25d04e57dc2b321f78c7,acc_per_char,1000,0.554,55.400000000000006
ue5m3_proposed_torch,"Proposed UE5M3 FP4, generic Torch emulator, cold D=50",fp4_activation_training_replay_d50,quantized_ue5m3_fp4,True,16,core_9mcqa_olmes,winogrande:mc::olmes,winogrande:mc,dadb31c80b5be4914ed051cd8660191e,acc_raw,1267,0.5067087608524072,50.67087608524072
ue5m3_proposed_torch,"Proposed UE5M3 FP4, generic Torch emulator, cold D=50",fp4_activation_training_replay_d50,quantized_ue5m3_fp4,True,17,core_9mcqa_olmes,winogrande:rc::olmes,winogrande,9b11ef7f437e610eba48f6d273ed6886,acc_raw,1267,0.6187845303867403,61.87845303867403
ue5m3_proposed_torch,"Proposed UE5M3 FP4, generic Torch emulator, cold D=50",fp4_activation_training_replay_d50,quantized_ue5m3_fp4,True,18,mmlu_olmes,mmlu_abstract_algebra:mc::olmes,mmlu_abstract_algebra:mc,77b926c73e62bfb451729f8369068e7d,acc_raw,100,0.26,26.0
ue5m3_proposed_torch,"Proposed UE5M3 FP4, generic Torch emulator, cold D=50",fp4_activation_training_replay_d50,quantized_ue5m3_fp4,True,19,mmlu_olmes,mmlu_anatomy:mc::olmes,mmlu_anatomy:mc,3df98cd8b30afac6feb32f0d0c15395a,acc_raw,135,0.18518518518518517,18.51851851851852
ue5m3_proposed_torch,"Proposed UE5M3 FP4, generic Torch emulator, cold D=50",fp4_activation_training_replay_d50,quantized_ue5m3_fp4,True,20,mmlu_olmes,mmlu_astronomy:mc::olmes,mmlu_astronomy:mc,4c69c754b323e0755cb7939b84f228ed,acc_raw,152,0.21052631578947367,21.052631578947366
ue5m3_proposed_torch,"Proposed UE5M3 FP4, generic Torch emulator, cold D=50",fp4_activation_training_replay_d50,quantized_ue5m3_fp4,True,21,mmlu_olmes,mmlu_business_ethics:mc::olmes,mmlu_business_ethics:mc,87137b826dda58e8ffb978e165f39584,acc_raw,100,0.23,23.0
ue5m3_proposed_torch,"Proposed UE5M3 FP4, generic Torch emulator, cold D=50",fp4_activation_training_replay_d50,quantized_ue5m3_fp4,True,22,mmlu_olmes,mmlu_clinical_knowledge:mc::olmes,mmlu_clinical_knowledge:mc,9d6878a0e485f563ac271370eaedecca,acc_raw,265,0.22264150943396227,22.264150943396228
ue5m3_proposed_torch,"Proposed UE5M3 FP4, generic Torch emulator, cold D=50",fp4_activation_training_replay_d50,quantized_ue5m3_fp4,True,23,mmlu_olmes,mmlu_college_biology:mc::olmes,mmlu_college_biology:mc,8096d725e82f92b942ae20c48c82f083,acc_raw,144,0.22916666666666666,22.916666666666664
ue5m3_proposed_torch,"Proposed UE5M3 FP4, generic Torch emulator, cold D=50",fp4_activation_training_replay_d50,quantized_ue5m3_fp4,True,24,mmlu_olmes,mmlu_college_chemistry:mc::olmes,mmlu_college_chemistry:mc,c81eb9c78ac300cca76358582a1c739b,acc_raw,100,0.3,30.0
ue5m3_proposed_torch,"Proposed UE5M3 FP4, generic Torch emulator, cold D=50",fp4_activation_training_replay_d50,quantized_ue5m3_fp4,True,25,mmlu_olmes,mmlu_college_computer_science:mc::olmes,mmlu_college_computer_science:mc,62b92a5477c84fcf987c1798a4ac6144,acc_raw,100,0.26,26.0
ue5m3_proposed_torch,"Proposed UE5M3 FP4, generic Torch emulator, cold D=50",fp4_activation_training_replay_d50,quantized_ue5m3_fp4,True,26,mmlu_olmes,mmlu_college_mathematics:mc::olmes,mmlu_college_mathematics:mc,58356a19598345fb1941515d0d9cb55a,acc_raw,100,0.3,30.0
ue5m3_proposed_torch,"Proposed UE5M3 FP4, generic Torch emulator, cold D=50",fp4_activation_training_replay_d50,quantized_ue5m3_fp4,True,27,mmlu_olmes,mmlu_college_medicine:mc::olmes,mmlu_college_medicine:mc,42a584dc3ed8ae2ce00c9027c5f13764,acc_raw,173,0.24277456647398843,24.277456647398843
ue5m3_proposed_torch,"Proposed UE5M3 FP4, generic Torch emulator, cold D=50",fp4_activation_training_replay_d50,quantized_ue5m3_fp4,True,28,mmlu_olmes,mmlu_college_physics:mc::olmes,mmlu_college_physics:mc,f88df4ad824e68680862d00e429c26a7,acc_raw,102,0.2549019607843137,25.49019607843137
ue5m3_proposed_torch,"Proposed UE5M3 FP4, generic Torch emulator, cold D=50",fp4_activation_training_replay_d50,quantized_ue5m3_fp4,True,29,mmlu_olmes,mmlu_computer_security:mc::olmes,mmlu_computer_security:mc,274890b9e6abfcbe5e049394bec76a11,acc_raw,100,0.26,26.0
ue5m3_proposed_torch,"Proposed UE5M3 FP4, generic Torch emulator, cold D=50",fp4_activation_training_replay_d50,quantized_ue5m3_fp4,True,30,mmlu_olmes,mmlu_conceptual_physics:mc::olmes,mmlu_conceptual_physics:mc,6519f132a34e21233a8f9f0333f4e555,acc_raw,235,0.2680851063829787,26.80851063829787
ue5m3_proposed_torch,"Proposed UE5M3 FP4, generic Torch emulator, cold D=50",fp4_activation_training_replay_d50,quantized_ue5m3_fp4,True,31,mmlu_olmes,mmlu_econometrics:mc::olmes,mmlu_econometrics:mc,91203daf877dfbefa7095516334a1e98,acc_raw,114,0.19298245614035087,19.298245614035086
ue5m3_proposed_torch,"Proposed UE5M3 FP4, generic Torch emulator, cold D=50",fp4_activation_training_replay_d50,quantized_ue5m3_fp4,True,32,mmlu_olmes,mmlu_electrical_engineering:mc::olmes,mmlu_electrical_engineering:mc,de26b9c8d62e22f56e8a4d55889a44e3,acc_raw,145,0.27586206896551724,27.586206896551722
ue5m3_proposed_torch,"Proposed UE5M3 FP4, generic Torch emulator, cold D=50",fp4_activation_training_replay_d50,quantized_ue5m3_fp4,True,33,mmlu_olmes,mmlu_elementary_mathematics:mc::olmes,mmlu_elementary_mathematics:mc,2fd2518cf837baede6f2f5ba45bb6f96,acc_raw,378,0.24338624338624337,24.33862433862434
ue5m3_proposed_torch,"Proposed UE5M3 FP4, generic Torch emulator, cold D=50",fp4_activation_training_replay_d50,quantized_ue5m3_fp4,True,34,mmlu_olmes,mmlu_formal_logic:mc::olmes,mmlu_formal_logic:mc,576d739646e3de210be990be680fc79a,acc_raw,126,0.2698412698412698,26.984126984126984
ue5m3_proposed_torch,"Proposed UE5M3 FP4, generic Torch emulator, cold D=50",fp4_activation_training_replay_d50,quantized_ue5m3_fp4,True,35,mmlu_olmes,mmlu_global_facts:mc::olmes,mmlu_global_facts:mc,abe93df0daabe114b8f58bc0403370e9,acc_raw,100,0.3,30.0
ue5m3_proposed_torch,"Proposed UE5M3 FP4, generic Torch emulator, cold D=50",fp4_activation_training_replay_d50,quantized_ue5m3_fp4,True,36,mmlu_olmes,mmlu_high_school_biology:mc::olmes,mmlu_high_school_biology:mc,85b9c284bdb7766f8302f5f68ea6d5ea,acc_raw,310,0.24838709677419354,24.838709677419356
ue5m3_proposed_torch,"Proposed UE5M3 FP4, generic Torch emulator, cold D=50",fp4_activation_training_replay_d50,quantized_ue5m3_fp4,True,37,mmlu_olmes,mmlu_high_school_chemistry:mc::olmes,mmlu_high_school_chemistry:mc,5827c892e23b58ef2e73b1fff7d82785,acc_raw,203,0.2561576354679803,25.615763546798032
ue5m3_proposed_torch,"Proposed UE5M3 FP4, generic Torch emulator, cold D=50",fp4_activation_training_replay_d50,quantized_ue5m3_fp4,True,38,mmlu_olmes,mmlu_high_school_computer_science:mc::olmes,mmlu_high_school_computer_science:mc,6d75fa6123dd1ed66ba94585a8b2bf39,acc_raw,100,0.32,32.0
ue5m3_proposed_torch,"Proposed UE5M3 FP4, generic Torch emulator, cold D=50",fp4_activation_training_replay_d50,quantized_ue5m3_fp4,True,39,mmlu_olmes,mmlu_high_school_european_history:mc::olmes,mmlu_high_school_european_history:mc,549d578255eaa95f7f38eda146cc6a6f,acc_raw,165,0.2,20.0
ue5m3_proposed_torch,"Proposed UE5M3 FP4, generic Torch emulator, cold D=50",fp4_activation_training_replay_d50,quantized_ue5m3_fp4,True,40,mmlu_olmes,mmlu_high_school_geography:mc::olmes,mmlu_high_school_geography:mc,dc8a2714268b6839e30e7e5079b64427,acc_raw,198,0.25252525252525254,25.252525252525253
ue5m3_proposed_torch,"Proposed UE5M3 FP4, generic Torch emulator, cold D=50",fp4_activation_training_replay_d50,quantized_ue5m3_fp4,True,41,mmlu_olmes,mmlu_high_school_government_and_politics:mc::olmes,mmlu_high_school_government_and_politics:mc,8a37fcf03946fe1bc4a34806f2cb5dce,acc_raw,193,0.31088082901554404,31.088082901554404
ue5m3_proposed_torch,"Proposed UE5M3 FP4, generic Torch emulator, cold D=50",fp4_activation_training_replay_d50,quantized_ue5m3_fp4,True,42,mmlu_olmes,mmlu_high_school_macroeconomics:mc::olmes,mmlu_high_school_macroeconomics:mc,ccb44607c3c6469cd5fd9989bfcf2c41,acc_raw,390,0.26666666666666666,26.666666666666668
ue5m3_proposed_torch,"Proposed UE5M3 FP4, generic Torch emulator, cold D=50",fp4_activation_training_replay_d50,quantized_ue5m3_fp4,True,43,mmlu_olmes,mmlu_high_school_mathematics:mc::olmes,mmlu_high_school_mathematics:mc,75eb1cfdca9c6c512d2654d308f8f680,acc_raw,270,0.26296296296296295,26.296296296296294
ue5m3_proposed_torch,"Proposed UE5M3 FP4, generic Torch emulator, cold D=50",fp4_activation_training_replay_d50,quantized_ue5m3_fp4,True,44,mmlu_olmes,mmlu_high_school_microeconomics:mc::olmes,mmlu_high_school_microeconomics:mc,416b805a359dbae1c968cd7473076e01,acc_raw,238,0.226890756302521,22.689075630252102
ue5m3_proposed_torch,"Proposed UE5M3 FP4, generic Torch emulator, cold D=50",fp4_activation_training_replay_d50,quantized_ue5m3_fp4,True,45,mmlu_olmes,mmlu_high_school_physics:mc::olmes,mmlu_high_school_physics:mc,10e66780e9dca3f32aba1ccf99269a3a,acc_raw,151,0.2781456953642384,27.81456953642384
ue5m3_proposed_torch,"Proposed UE5M3 FP4, generic Torch emulator, cold D=50",fp4_activation_training_replay_d50,quantized_ue5m3_fp4,True,46,mmlu_olmes,mmlu_high_school_psychology:mc::olmes,mmlu_high_school_psychology:mc,99447030d2ce6ef8805646c1c34fcee4,acc_raw,545,0.3174311926605505,31.743119266055047
ue5m3_proposed_torch,"Proposed UE5M3 FP4, generic Torch emulator, cold D=50",fp4_activation_training_replay_d50,quantized_ue5m3_fp4,True,47,mmlu_olmes,mmlu_high_school_statistics:mc::olmes,mmlu_high_school_statistics:mc,c020e14507911b6f3d966cfaad4534f1,acc_raw,216,0.4305555555555556,43.05555555555556
ue5m3_proposed_torch,"Proposed UE5M3 FP4, generic Torch emulator, cold D=50",fp4_activation_training_replay_d50,quantized_ue5m3_fp4,True,48,mmlu_olmes,mmlu_high_school_us_history:mc::olmes,mmlu_high_school_us_history:mc,39a904d96d65a2dfbd0510fcea9880d7,acc_raw,204,0.2549019607843137,25.49019607843137
ue5m3_proposed_torch,"Proposed UE5M3 FP4, generic Torch emulator, cold D=50",fp4_activation_training_replay_d50,quantized_ue5m3_fp4,True,49,mmlu_olmes,mmlu_high_school_world_history:mc::olmes,mmlu_high_school_world_history:mc,768c5cdb11af17a3440943d9e0b580dd,acc_raw,237,0.29535864978902954,29.535864978902953
ue5m3_proposed_torch,"Proposed UE5M3 FP4, generic Torch emulator, cold D=50",fp4_activation_training_replay_d50,quantized_ue5m3_fp4,True,50,mmlu_olmes,mmlu_human_aging:mc::olmes,mmlu_human_aging:mc,93f0df9c8b68127692f1593f33d8a3ef,acc_raw,223,0.33183856502242154,33.18385650224215
ue5m3_proposed_torch,"Proposed UE5M3 FP4, generic Torch emulator, cold D=50",fp4_activation_training_replay_d50,quantized_ue5m3_fp4,True,51,mmlu_olmes,mmlu_human_sexuality:mc::olmes,mmlu_human_sexuality:mc,a62edc21ec6f517a598a5dda52e84b43,acc_raw,131,0.2900763358778626,29.00763358778626
ue5m3_proposed_torch,"Proposed UE5M3 FP4, generic Torch emulator, cold D=50",fp4_activation_training_replay_d50,quantized_ue5m3_fp4,True,52,mmlu_olmes,mmlu_international_law:mc::olmes,mmlu_international_law:mc,787374b70fc6053820673a14463d3eef,acc_raw,121,0.2975206611570248,29.75206611570248
ue5m3_proposed_torch,"Proposed UE5M3 FP4, generic Torch emulator, cold D=50",fp4_activation_training_replay_d50,quantized_ue5m3_fp4,True,53,mmlu_olmes,mmlu_jurisprudence:mc::olmes,mmlu_jurisprudence:mc,62a7a1734abbc37dafe8313b6291d817,acc_raw,108,0.25,25.0
ue5m3_proposed_torch,"Proposed UE5M3 FP4, generic Torch emulator, cold D=50",fp4_activation_training_replay_d50,quantized_ue5m3_fp4,True,54,mmlu_olmes,mmlu_logical_fallacies:mc::olmes,mmlu_logical_fallacies:mc,a020032fa288c2fac6168a824df57170,acc_raw,163,0.25153374233128833,25.153374233128833
ue5m3_proposed_torch,"Proposed UE5M3 FP4, generic Torch emulator, cold D=50",fp4_activation_training_replay_d50,quantized_ue5m3_fp4,True,55,mmlu_olmes,mmlu_machine_learning:mc::olmes,mmlu_machine_learning:mc,e3d4f22b97438517e698917faccba7da,acc_raw,112,0.24107142857142858,24.107142857142858
ue5m3_proposed_torch,"Proposed UE5M3 FP4, generic Torch emulator, cold D=50",fp4_activation_training_replay_d50,quantized_ue5m3_fp4,True,56,mmlu_olmes,mmlu_management:mc::olmes,mmlu_management:mc,04b6414e648a7a3ba8402771facebd9e,acc_raw,103,0.24271844660194175,24.271844660194176
ue5m3_proposed_torch,"Proposed UE5M3 FP4, generic Torch emulator, cold D=50",fp4_activation_training_replay_d50,quantized_ue5m3_fp4,True,57,mmlu_olmes,mmlu_marketing:mc::olmes,mmlu_marketing:mc,8e73bf0fb469a9eddfa7a8f258d99873,acc_raw,234,0.2863247863247863,28.63247863247863
ue5m3_proposed_torch,"Proposed UE5M3 FP4, generic Torch emulator, cold D=50",fp4_activation_training_replay_d50,quantized_ue5m3_fp4,True,58,mmlu_olmes,mmlu_medical_genetics:mc::olmes,mmlu_medical_genetics:mc,bc9af3a22284b0a0d08e2c6a1f378d22,acc_raw,100,0.29,28.999999999999996
ue5m3_proposed_torch,"Proposed UE5M3 FP4, generic Torch emulator, cold D=50",fp4_activation_training_replay_d50,quantized_ue5m3_fp4,True,59,mmlu_olmes,mmlu_miscellaneous:mc::olmes,mmlu_miscellaneous:mc,46b4ac7975c87092b13c0cf2ce85a4d1,acc_raw,783,0.26436781609195403,26.436781609195403
ue5m3_proposed_torch,"Proposed UE5M3 FP4, generic Torch emulator, cold D=50",fp4_activation_training_replay_d50,quantized_ue5m3_fp4,True,60,mmlu_olmes,mmlu_moral_disputes:mc::olmes,mmlu_moral_disputes:mc,0664fc5034aba7df0fe1df2d1a217e88,acc_raw,346,0.27167630057803466,27.167630057803464
ue5m3_proposed_torch,"Proposed UE5M3 FP4, generic Torch emulator, cold D=50",fp4_activation_training_replay_d50,quantized_ue5m3_fp4,True,61,mmlu_olmes,mmlu_moral_scenarios:mc::olmes,mmlu_moral_scenarios:mc,a2396dc8f3cdb9c9dd5e98fd351e9198,acc_raw,895,0.21787709497206703,21.787709497206702
ue5m3_proposed_torch,"Proposed UE5M3 FP4, generic Torch emulator, cold D=50",fp4_activation_training_replay_d50,quantized_ue5m3_fp4,True,62,mmlu_olmes,mmlu_nutrition:mc::olmes,mmlu_nutrition:mc,8b190e2f404b28ca0cd715094e5386b1,acc_raw,306,0.2875816993464052,28.75816993464052
ue5m3_proposed_torch,"Proposed UE5M3 FP4, generic Torch emulator, cold D=50",fp4_activation_training_replay_d50,quantized_ue5m3_fp4,True,63,mmlu_olmes,mmlu_philosophy:mc::olmes,mmlu_philosophy:mc,9b517eefa6d090b0622fc18650d70617,acc_raw,311,0.3183279742765273,31.832797427652732
ue5m3_proposed_torch,"Proposed UE5M3 FP4, generic Torch emulator, cold D=50",fp4_activation_training_replay_d50,quantized_ue5m3_fp4,True,64,mmlu_olmes,mmlu_prehistory:mc::olmes,mmlu_prehistory:mc,fcfa15d6031340a724aaa21ae383922e,acc_raw,324,0.2962962962962963,29.629629629629626
ue5m3_proposed_torch,"Proposed UE5M3 FP4, generic Torch emulator, cold D=50",fp4_activation_training_replay_d50,quantized_ue5m3_fp4,True,65,mmlu_olmes,mmlu_professional_accounting:mc::olmes,mmlu_professional_accounting:mc,233710033ac6f9a2c339a08d7344c9d0,acc_raw,282,0.2765957446808511,27.659574468085108
ue5m3_proposed_torch,"Proposed UE5M3 FP4, generic Torch emulator, cold D=50",fp4_activation_training_replay_d50,quantized_ue5m3_fp4,True,66,mmlu_olmes,mmlu_professional_law:mc::olmes,mmlu_professional_law:mc,df18d9512e07e1c6f633ee039a943e23,acc_raw,1534,0.2633637548891786,26.336375488917863
ue5m3_proposed_torch,"Proposed UE5M3 FP4, generic Torch emulator, cold D=50",fp4_activation_training_replay_d50,quantized_ue5m3_fp4,True,67,mmlu_olmes,mmlu_professional_medicine:mc::olmes,mmlu_professional_medicine:mc,1e3f139838d69169d5a80ebb58be505a,acc_raw,272,0.44485294117647056,44.48529411764706
ue5m3_proposed_torch,"Proposed UE5M3 FP4, generic Torch emulator, cold D=50",fp4_activation_training_replay_d50,quantized_ue5m3_fp4,True,68,mmlu_olmes,mmlu_professional_psychology:mc::olmes,mmlu_professional_psychology:mc,ee984454c2b6c8ce9d942162f4563c66,acc_raw,612,0.2222222222222222,22.22222222222222
ue5m3_proposed_torch,"Proposed UE5M3 FP4, generic Torch emulator, cold D=50",fp4_activation_training_replay_d50,quantized_ue5m3_fp4,True,69,mmlu_olmes,mmlu_public_relations:mc::olmes,mmlu_public_relations:mc,8b1e2c5a479ea01b9bf00bbd37ac4cb1,acc_raw,110,0.32727272727272727,32.72727272727273
ue5m3_proposed_torch,"Proposed UE5M3 FP4, generic Torch emulator, cold D=50",fp4_activation_training_replay_d50,quantized_ue5m3_fp4,True,70,mmlu_olmes,mmlu_security_studies:mc::olmes,mmlu_security_studies:mc,f45a610fabc63b178d02b9705769e51a,acc_raw,245,0.4,40.0
ue5m3_proposed_torch,"Proposed UE5M3 FP4, generic Torch emulator, cold D=50",fp4_activation_training_replay_d50,quantized_ue5m3_fp4,True,71,mmlu_olmes,mmlu_sociology:mc::olmes,mmlu_sociology:mc,ab7475a0c07ff6128f3c340e30a2c48d,acc_raw,201,0.2885572139303483,28.855721393034827
ue5m3_proposed_torch,"Proposed UE5M3 FP4, generic Torch emulator, cold D=50",fp4_activation_training_replay_d50,quantized_ue5m3_fp4,True,72,mmlu_olmes,mmlu_us_foreign_policy:mc::olmes,mmlu_us_foreign_policy:mc,e8aaa8bc89da8c987774b45a635a5874,acc_raw,100,0.33,33.0
ue5m3_proposed_torch,"Proposed UE5M3 FP4, generic Torch emulator, cold D=50",fp4_activation_training_replay_d50,quantized_ue5m3_fp4,True,73,mmlu_olmes,mmlu_virology:mc::olmes,mmlu_virology:mc,7b03eddd30aced0d2872e78119dce06c,acc_raw,166,0.3795180722891566,37.95180722891566
ue5m3_proposed_torch,"Proposed UE5M3 FP4, generic Torch emulator, cold D=50",fp4_activation_training_replay_d50,quantized_ue5m3_fp4,True,74,mmlu_olmes,mmlu_world_religions:mc::olmes,mmlu_world_religions:mc,2b77bb4249a09c916d061ae0d5b378bd,acc_raw,171,0.26900584795321636,26.900584795321635
ue5m3_proposed_torch,"Proposed UE5M3 FP4, generic Torch emulator, cold D=50",fp4_activation_training_replay_d50,quantized_ue5m3_fp4,True,75,mmlu_olmes,mmlu_abstract_algebra:rc::olmes,mmlu_abstract_algebra,15700d84a97667659182d75884f934cd,acc_per_char,100,0.23,23.0
ue5m3_proposed_torch,"Proposed UE5M3 FP4, generic Torch emulator, cold D=50",fp4_activation_training_replay_d50,quantized_ue5m3_fp4,True,76,mmlu_olmes,mmlu_anatomy:rc::olmes,mmlu_anatomy,0cdcee2423fbe040b1e5ff34b0af45e6,acc_per_char,135,0.4222222222222222,42.22222222222222
ue5m3_proposed_torch,"Proposed UE5M3 FP4, generic Torch emulator, cold D=50",fp4_activation_training_replay_d50,quantized_ue5m3_fp4,True,77,mmlu_olmes,mmlu_astronomy:rc::olmes,mmlu_astronomy,13d838006e583f18e99063d8b219a97b,acc_per_char,152,0.39473684210526316,39.473684210526315
ue5m3_proposed_torch,"Proposed UE5M3 FP4, generic Torch emulator, cold D=50",fp4_activation_training_replay_d50,quantized_ue5m3_fp4,True,78,mmlu_olmes,mmlu_business_ethics:rc::olmes,mmlu_business_ethics,715185b32494e985a6dee5becfcd82ac,acc_per_char,100,0.53,53.0
ue5m3_proposed_torch,"Proposed UE5M3 FP4, generic Torch emulator, cold D=50",fp4_activation_training_replay_d50,quantized_ue5m3_fp4,True,79,mmlu_olmes,mmlu_clinical_knowledge:rc::olmes,mmlu_clinical_knowledge,523c347f74ddd79f7fb2c15eee89d4e7,acc_per_char,265,0.42641509433962266,42.64150943396226
ue5m3_proposed_torch,"Proposed UE5M3 FP4, generic Torch emulator, cold D=50",fp4_activation_training_replay_d50,quantized_ue5m3_fp4,True,80,mmlu_olmes,mmlu_college_biology:rc::olmes,mmlu_college_biology,966e8cfd13dcf0edc71778a03a922090,acc_per_char,144,0.4375,43.75
ue5m3_proposed_torch,"Proposed UE5M3 FP4, generic Torch emulator, cold D=50",fp4_activation_training_replay_d50,quantized_ue5m3_fp4,True,81,mmlu_olmes,mmlu_college_chemistry:rc::olmes,mmlu_college_chemistry,70f725b1d196bca595c7b851cdcc6644,acc_per_char,100,0.3,30.0
ue5m3_proposed_torch,"Proposed UE5M3 FP4, generic Torch emulator, cold D=50",fp4_activation_training_replay_d50,quantized_ue5m3_fp4,True,82,mmlu_olmes,mmlu_college_computer_science:rc::olmes,mmlu_college_computer_science,eb1e7cea65f6797185cc87483e3f19fe,acc_per_char,100,0.31,31.0
ue5m3_proposed_torch,"Proposed UE5M3 FP4, generic Torch emulator, cold D=50",fp4_activation_training_replay_d50,quantized_ue5m3_fp4,True,83,mmlu_olmes,mmlu_college_mathematics:rc::olmes,mmlu_college_mathematics,18dd2cd649daf7a06132d51a6e17c35d,acc_per_char,100,0.25,25.0
ue5m3_proposed_torch,"Proposed UE5M3 FP4, generic Torch emulator, cold D=50",fp4_activation_training_replay_d50,quantized_ue5m3_fp4,True,84,mmlu_olmes,mmlu_college_medicine:rc::olmes,mmlu_college_medicine,d92b222841c28a98039763c60b61ee73,acc_per_char,173,0.3699421965317919,36.99421965317919
ue5m3_proposed_torch,"Proposed UE5M3 FP4, generic Torch emulator, cold D=50",fp4_activation_training_replay_d50,quantized_ue5m3_fp4,True,85,mmlu_olmes,mmlu_college_physics:rc::olmes,mmlu_college_physics,63cbfbf37f8fcf7fd03052712d5b5d24,acc_per_char,102,0.17647058823529413,17.647058823529413
ue5m3_proposed_torch,"Proposed UE5M3 FP4, generic Torch emulator, cold D=50",fp4_activation_training_replay_d50,quantized_ue5m3_fp4,True,86,mmlu_olmes,mmlu_computer_security:rc::olmes,mmlu_computer_security,95adfb15effac11bb4b7b4312e8c2a05,acc_per_char,100,0.51,51.0
ue5m3_proposed_torch,"Proposed UE5M3 FP4, generic Torch emulator, cold D=50",fp4_activation_training_replay_d50,quantized_ue5m3_fp4,True,87,mmlu_olmes,mmlu_conceptual_physics:rc::olmes,mmlu_conceptual_physics,567f44d0f94d8fa4a0119c131e858075,acc_per_char,235,0.4340425531914894,43.40425531914894
ue5m3_proposed_torch,"Proposed UE5M3 FP4, generic Torch emulator, cold D=50",fp4_activation_training_replay_d50,quantized_ue5m3_fp4,True,88,mmlu_olmes,mmlu_econometrics:rc::olmes,mmlu_econometrics,cb799ab80dc053a353c3bcc7b9386abf,acc_per_char,114,0.2982456140350877,29.82456140350877
ue5m3_proposed_torch,"Proposed UE5M3 FP4, generic Torch emulator, cold D=50",fp4_activation_training_replay_d50,quantized_ue5m3_fp4,True,89,mmlu_olmes,mmlu_electrical_engineering:rc::olmes,mmlu_electrical_engineering,15723c065162a191867085b670c56b73,acc_per_char,145,0.35172413793103446,35.172413793103445
ue5m3_proposed_torch,"Proposed UE5M3 FP4, generic Torch emulator, cold D=50",fp4_activation_training_replay_d50,quantized_ue5m3_fp4,True,90,mmlu_olmes,mmlu_elementary_mathematics:rc::olmes,mmlu_elementary_mathematics,b17cb50df9dc3885e7dbcb4fef405683,acc_per_char,378,0.31746031746031744,31.746031746031743
ue5m3_proposed_torch,"Proposed UE5M3 FP4, generic Torch emulator, cold D=50",fp4_activation_training_replay_d50,quantized_ue5m3_fp4,True,91,mmlu_olmes,mmlu_formal_logic:rc::olmes,mmlu_formal_logic,82b5ac945cc5c2f1cb54beff73486830,acc_per_char,126,0.3492063492063492,34.92063492063492
ue5m3_proposed_torch,"Proposed UE5M3 FP4, generic Torch emulator, cold D=50",fp4_activation_training_replay_d50,quantized_ue5m3_fp4,True,92,mmlu_olmes,mmlu_global_facts:rc::olmes,mmlu_global_facts,5acad514fa0105c06b71f6c924ef5b04,acc_per_char,100,0.27,27.0
ue5m3_proposed_torch,"Proposed UE5M3 FP4, generic Torch emulator, cold D=50",fp4_activation_training_replay_d50,quantized_ue5m3_fp4,True,93,mmlu_olmes,mmlu_high_school_biology:rc::olmes,mmlu_high_school_biology,d8ddda6f3e5c7889d7d36ff8dd51cc52,acc_per_char,310,0.49032258064516127,49.03225806451613
ue5m3_proposed_torch,"Proposed UE5M3 FP4, generic Torch emulator, cold D=50",fp4_activation_training_replay_d50,quantized_ue5m3_fp4,True,94,mmlu_olmes,mmlu_high_school_chemistry:rc::olmes,mmlu_high_school_chemistry,b905822505fc6bf87ee81088ffd93b9f,acc_per_char,203,0.2561576354679803,25.615763546798032
ue5m3_proposed_torch,"Proposed UE5M3 FP4, generic Torch emulator, cold D=50",fp4_activation_training_replay_d50,quantized_ue5m3_fp4,True,95,mmlu_olmes,mmlu_high_school_computer_science:rc::olmes,mmlu_high_school_computer_science,1f6e4443a6932f4e6c85ae1ee2ea6857,acc_per_char,100,0.39,39.0
ue5m3_proposed_torch,"Proposed UE5M3 FP4, generic Torch emulator, cold D=50",fp4_activation_training_replay_d50,quantized_ue5m3_fp4,True,96,mmlu_olmes,mmlu_high_school_european_history:rc::olmes,mmlu_high_school_european_history,297df68d8b8abb3dac4039039adf6936,acc_per_char,165,0.4909090909090909,49.09090909090909
ue5m3_proposed_torch,"Proposed UE5M3 FP4, generic Torch emulator, cold D=50",fp4_activation_training_replay_d50,quantized_ue5m3_fp4,True,97,mmlu_olmes,mmlu_high_school_geography:rc::olmes,mmlu_high_school_geography,09a0ea8c0d69e87db9d64b78e47808da,acc_per_char,198,0.4696969696969697,46.96969696969697
ue5m3_proposed_torch,"Proposed UE5M3 FP4, generic Torch emulator, cold D=50",fp4_activation_training_replay_d50,quantized_ue5m3_fp4,True,98,mmlu_olmes,mmlu_high_school_government_and_politics:rc::olmes,mmlu_high_school_government_and_politics,690e157a2167b4be83aeb3025e100359,acc_per_char,193,0.5284974093264249,52.84974093264248
ue5m3_proposed_torch,"Proposed UE5M3 FP4, generic Torch emulator, cold D=50",fp4_activation_training_replay_d50,quantized_ue5m3_fp4,True,99,mmlu_olmes,mmlu_high_school_macroeconomics:rc::olmes,mmlu_high_school_macroeconomics,5cd50ebcbec63cd7b59273fb53e145a2,acc_per_char,390,0.3564102564102564,35.64102564102564
ue5m3_proposed_torch,"Proposed UE5M3 FP4, generic Torch emulator, cold D=50",fp4_activation_training_replay_d50,quantized_ue5m3_fp4,True,100,mmlu_olmes,mmlu_high_school_mathematics:rc::olmes,mmlu_high_school_mathematics,0a5104b0df6138995e01f4d9e30bf3bc,acc_per_char,270,0.16296296296296298,16.296296296296298
ue5m3_proposed_torch,"Proposed UE5M3 FP4, generic Torch emulator, cold D=50",fp4_activation_training_replay_d50,quantized_ue5m3_fp4,True,101,mmlu_olmes,mmlu_high_school_microeconomics:rc::olmes,mmlu_high_school_microeconomics,47974510bc14d32dee9c1ae0da6aa77c,acc_per_char,238,0.4495798319327731,44.957983193277315
ue5m3_proposed_torch,"Proposed UE5M3 FP4, generic Torch emulator, cold D=50",fp4_activation_training_replay_d50,quantized_ue5m3_fp4,True,102,mmlu_olmes,mmlu_high_school_physics:rc::olmes,mmlu_high_school_physics,70926d73081fbee1ee38fc002891a21a,acc_per_char,151,0.26490066225165565,26.490066225165563
ue5m3_proposed_torch,"Proposed UE5M3 FP4, generic Torch emulator, cold D=50",fp4_activation_training_replay_d50,quantized_ue5m3_fp4,True,103,mmlu_olmes,mmlu_high_school_psychology:rc::olmes,mmlu_high_school_psychology,63dd68a97d1abf7f719137d6f0d45d73,acc_per_char,545,0.5688073394495413,56.88073394495413
ue5m3_proposed_torch,"Proposed UE5M3 FP4, generic Torch emulator, cold D=50",fp4_activation_training_replay_d50,quantized_ue5m3_fp4,True,104,mmlu_olmes,mmlu_high_school_statistics:rc::olmes,mmlu_high_school_statistics,b25c8a521d2fb1d28a97e478d686eeaa,acc_per_char,216,0.30092592592592593,30.09259259259259
ue5m3_proposed_torch,"Proposed UE5M3 FP4, generic Torch emulator, cold D=50",fp4_activation_training_replay_d50,quantized_ue5m3_fp4,True,105,mmlu_olmes,mmlu_high_school_us_history:rc::olmes,mmlu_high_school_us_history,8290ed79cc88afc721c6f79b7318f541,acc_per_char,204,0.39705882352941174,39.705882352941174
ue5m3_proposed_torch,"Proposed UE5M3 FP4, generic Torch emulator, cold D=50",fp4_activation_training_replay_d50,quantized_ue5m3_fp4,True,106,mmlu_olmes,mmlu_high_school_world_history:rc::olmes,mmlu_high_school_world_history,934305afb0d486dcc158182788d0acfb,acc_per_char,237,0.4008438818565401,40.08438818565401
ue5m3_proposed_torch,"Proposed UE5M3 FP4, generic Torch emulator, cold D=50",fp4_activation_training_replay_d50,quantized_ue5m3_fp4,True,107,mmlu_olmes,mmlu_human_aging:rc::olmes,mmlu_human_aging,8d2b538449931b69b893e86b7416a7e7,acc_per_char,223,0.49327354260089684,49.327354260089685
ue5m3_proposed_torch,"Proposed UE5M3 FP4, generic Torch emulator, cold D=50",fp4_activation_training_replay_d50,quantized_ue5m3_fp4,True,108,mmlu_olmes,mmlu_human_sexuality:rc::olmes,mmlu_human_sexuality,88583bc91896ae15628a7050a8e8a08e,acc_per_char,131,0.42748091603053434,42.74809160305343
ue5m3_proposed_torch,"Proposed UE5M3 FP4, generic Torch emulator, cold D=50",fp4_activation_training_replay_d50,quantized_ue5m3_fp4,True,109,mmlu_olmes,mmlu_international_law:rc::olmes,mmlu_international_law,13a4e0bd7a029f10d0e8f9f01f60652e,acc_per_char,121,0.35537190082644626,35.53719008264463
ue5m3_proposed_torch,"Proposed UE5M3 FP4, generic Torch emulator, cold D=50",fp4_activation_training_replay_d50,quantized_ue5m3_fp4,True,110,mmlu_olmes,mmlu_jurisprudence:rc::olmes,mmlu_jurisprudence,4bb149c58cd53f521d90f628858862ab,acc_per_char,108,0.37037037037037035,37.03703703703704
ue5m3_proposed_torch,"Proposed UE5M3 FP4, generic Torch emulator, cold D=50",fp4_activation_training_replay_d50,quantized_ue5m3_fp4,True,111,mmlu_olmes,mmlu_logical_fallacies:rc::olmes,mmlu_logical_fallacies,d0506b820ec8299d87c27079f988edb9,acc_per_char,163,0.4049079754601227,40.49079754601227
ue5m3_proposed_torch,"Proposed UE5M3 FP4, generic Torch emulator, cold D=50",fp4_activation_training_replay_d50,quantized_ue5m3_fp4,True,112,mmlu_olmes,mmlu_machine_learning:rc::olmes,mmlu_machine_learning,d6289aec8cc57955804f5bdd7d78a0ab,acc_per_char,112,0.26785714285714285,26.785714285714285
ue5m3_proposed_torch,"Proposed UE5M3 FP4, generic Torch emulator, cold D=50",fp4_activation_training_replay_d50,quantized_ue5m3_fp4,True,113,mmlu_olmes,mmlu_management:rc::olmes,mmlu_management,5fdf48777d60532ea48c4228971ab9ce,acc_per_char,103,0.5242718446601942,52.42718446601942
ue5m3_proposed_torch,"Proposed UE5M3 FP4, generic Torch emulator, cold D=50",fp4_activation_training_replay_d50,quantized_ue5m3_fp4,True,114,mmlu_olmes,mmlu_marketing:rc::olmes,mmlu_marketing,ec59840b552e1b522ddcc91ebdd6bcdb,acc_per_char,234,0.5641025641025641,56.41025641025641
ue5m3_proposed_torch,"Proposed UE5M3 FP4, generic Torch emulator, cold D=50",fp4_activation_training_replay_d50,quantized_ue5m3_fp4,True,115,mmlu_olmes,mmlu_medical_genetics:rc::olmes,mmlu_medical_genetics,d21901ce2a60dd0484298f1929cd69e8,acc_per_char,100,0.43,43.0
ue5m3_proposed_torch,"Proposed UE5M3 FP4, generic Torch emulator, cold D=50",fp4_activation_training_replay_d50,quantized_ue5m3_fp4,True,116,mmlu_olmes,mmlu_miscellaneous:rc::olmes,mmlu_miscellaneous,53ccadb71923b35e1dfa8d894e2e3fc4,acc_per_char,783,0.5887611749680716,58.876117496807154
ue5m3_proposed_torch,"Proposed UE5M3 FP4, generic Torch emulator, cold D=50",fp4_activation_training_replay_d50,quantized_ue5m3_fp4,True,117,mmlu_olmes,mmlu_moral_disputes:rc::olmes,mmlu_moral_disputes,819a39344d1c377340e72e649cabebe9,acc_per_char,346,0.3265895953757225,32.65895953757225
ue5m3_proposed_torch,"Proposed UE5M3 FP4, generic Torch emulator, cold D=50",fp4_activation_training_replay_d50,quantized_ue5m3_fp4,True,118,mmlu_olmes,mmlu_moral_scenarios:rc::olmes,mmlu_moral_scenarios,cc409292717ac8649a1cd0cd7dc9fc73,acc_per_char,895,0.23798882681564246,23.798882681564244
ue5m3_proposed_torch,"Proposed UE5M3 FP4, generic Torch emulator, cold D=50",fp4_activation_training_replay_d50,quantized_ue5m3_fp4,True,119,mmlu_olmes,mmlu_nutrition:rc::olmes,mmlu_nutrition,61f9d819256c12d6bc8d289c7483b9c3,acc_per_char,306,0.3790849673202614,37.908496732026144
ue5m3_proposed_torch,"Proposed UE5M3 FP4, generic Torch emulator, cold D=50",fp4_activation_training_replay_d50,quantized_ue5m3_fp4,True,120,mmlu_olmes,mmlu_philosophy:rc::olmes,mmlu_philosophy,7b23cc5f2ff6984858f9f5ba128b8216,acc_per_char,311,0.40192926045016075,40.19292604501607
ue5m3_proposed_torch,"Proposed UE5M3 FP4, generic Torch emulator, cold D=50",fp4_activation_training_replay_d50,quantized_ue5m3_fp4,True,121,mmlu_olmes,mmlu_prehistory:rc::olmes,mmlu_prehistory,48fd13dbcd0c721b8d69339ee8209f97,acc_per_char,324,0.39814814814814814,39.81481481481482
ue5m3_proposed_torch,"Proposed UE5M3 FP4, generic Torch emulator, cold D=50",fp4_activation_training_replay_d50,quantized_ue5m3_fp4,True,122,mmlu_olmes,mmlu_professional_accounting:rc::olmes,mmlu_professional_accounting,57a5dba0840cc14c94ed31f79dee4ac7,acc_per_char,282,0.25886524822695034,25.886524822695034
ue5m3_proposed_torch,"Proposed UE5M3 FP4, generic Torch emulator, cold D=50",fp4_activation_training_replay_d50,quantized_ue5m3_fp4,True,123,mmlu_olmes,mmlu_professional_law:rc::olmes,mmlu_professional_law,56030e99119525ae79b8abf107affc40,acc_per_char,1534,0.28748370273794005,28.748370273794006
ue5m3_proposed_torch,"Proposed UE5M3 FP4, generic Torch emulator, cold D=50",fp4_activation_training_replay_d50,quantized_ue5m3_fp4,True,124,mmlu_olmes,mmlu_professional_medicine:rc::olmes,mmlu_professional_medicine,2b0232ca5abb81ded631049ad557a96e,acc_per_char,272,0.3602941176470588,36.029411764705884
ue5m3_proposed_torch,"Proposed UE5M3 FP4, generic Torch emulator, cold D=50",fp4_activation_training_replay_d50,quantized_ue5m3_fp4,True,125,mmlu_olmes,mmlu_professional_psychology:rc::olmes,mmlu_professional_psychology,77f07f47e032860fc6442c27cde81ac5,acc_per_char,612,0.35130718954248363,35.130718954248366
ue5m3_proposed_torch,"Proposed UE5M3 FP4, generic Torch emulator, cold D=50",fp4_activation_training_replay_d50,quantized_ue5m3_fp4,True,126,mmlu_olmes,mmlu_public_relations:rc::olmes,mmlu_public_relations,b3d8e8d8619b36ec8f35ac6eedd1d242,acc_per_char,110,0.35454545454545455,35.45454545454545
ue5m3_proposed_torch,"Proposed UE5M3 FP4, generic Torch emulator, cold D=50",fp4_activation_training_replay_d50,quantized_ue5m3_fp4,True,127,mmlu_olmes,mmlu_security_studies:rc::olmes,mmlu_security_studies,a7d55a48b6fa8697683abd6458dd2310,acc_per_char,245,0.2693877551020408,26.93877551020408
ue5m3_proposed_torch,"Proposed UE5M3 FP4, generic Torch emulator, cold D=50",fp4_activation_training_replay_d50,quantized_ue5m3_fp4,True,128,mmlu_olmes,mmlu_sociology:rc::olmes,mmlu_sociology,b30a972cad094aa6687f34495f4f5d9d,acc_per_char,201,0.38308457711442784,38.308457711442784
ue5m3_proposed_torch,"Proposed UE5M3 FP4, generic Torch emulator, cold D=50",fp4_activation_training_replay_d50,quantized_ue5m3_fp4,True,129,mmlu_olmes,mmlu_us_foreign_policy:rc::olmes,mmlu_us_foreign_policy,14c587e70a64652d43ccb2972a2ee520,acc_per_char,100,0.46,46.0
ue5m3_proposed_torch,"Proposed UE5M3 FP4, generic Torch emulator, cold D=50",fp4_activation_training_replay_d50,quantized_ue5m3_fp4,True,130,mmlu_olmes,mmlu_virology:rc::olmes,mmlu_virology,de01c561afecb3cde13432a3ccf073b6,acc_per_char,166,0.3493975903614458,34.93975903614458
ue5m3_proposed_torch,"Proposed UE5M3 FP4, generic Torch emulator, cold D=50",fp4_activation_training_replay_d50,quantized_ue5m3_fp4,True,131,mmlu_olmes,mmlu_world_religions:rc::olmes,mmlu_world_religions,fa1acd404b2bda70e3664747e3c3db22,acc_per_char,171,0.6900584795321637,69.00584795321637
ue5m3_proposed_torch,"Proposed UE5M3 FP4, generic Torch emulator, cold D=50",fp4_activation_training_replay_d50,quantized_ue5m3_fp4,True,132,mmlu_pro_mc,mmlu_pro_math:mc::none,mmlu_pro_math,2f02776911c1a63e3bf3c96fbeeeccff,acc_raw,1351,0.08734270910436713,8.734270910436713
ue5m3_proposed_torch,"Proposed UE5M3 FP4, generic Torch emulator, cold D=50",fp4_activation_training_replay_d50,quantized_ue5m3_fp4,True,133,mmlu_pro_mc,mmlu_pro_health:mc::none,mmlu_pro_health,b12866ee79da1af676f9ef6d2cc6a223,acc_raw,818,0.12591687041564792,12.591687041564793
ue5m3_proposed_torch,"Proposed UE5M3 FP4, generic Torch emulator, cold D=50",fp4_activation_training_replay_d50,quantized_ue5m3_fp4,True,134,mmlu_pro_mc,mmlu_pro_physics:mc::none,mmlu_pro_physics,afe121df881d1e4e6ed6086e76d3e22a,acc_raw,1299,0.10161662817551963,10.161662817551962
ue5m3_proposed_torch,"Proposed UE5M3 FP4, generic Torch emulator, cold D=50",fp4_activation_training_replay_d50,quantized_ue5m3_fp4,True,135,mmlu_pro_mc,mmlu_pro_business:mc::none,mmlu_pro_business,8bcb1367c4dde160afbaf772d2920c42,acc_raw,789,0.10392902408111533,10.392902408111533
ue5m3_proposed_torch,"Proposed UE5M3 FP4, generic Torch emulator, cold D=50",fp4_activation_training_replay_d50,quantized_ue5m3_fp4,True,136,mmlu_pro_mc,mmlu_pro_biology:mc::none,mmlu_pro_biology,04a6eab9701cdeacd44a1ce81b45c5e6,acc_raw,717,0.11715481171548117,11.715481171548117
ue5m3_proposed_torch,"Proposed UE5M3 FP4, generic Torch emulator, cold D=50",fp4_activation_training_replay_d50,quantized_ue5m3_fp4,True,137,mmlu_pro_mc,mmlu_pro_chemistry:mc::none,mmlu_pro_chemistry,7e12262fe7a703eb0b277aba4d3522e3,acc_raw,1132,0.10335689045936396,10.335689045936396
ue5m3_proposed_torch,"Proposed UE5M3 FP4, generic Torch emulator, cold D=50",fp4_activation_training_replay_d50,quantized_ue5m3_fp4,True,138,mmlu_pro_mc,mmlu_pro_computer science:mc::none,mmlu_pro_computer science,2b87f63e753ec559787205262fa3cfd6,acc_raw,410,0.1048780487804878,10.487804878048781
ue5m3_proposed_torch,"Proposed UE5M3 FP4, generic Torch emulator, cold D=50",fp4_activation_training_replay_d50,quantized_ue5m3_fp4,True,139,mmlu_pro_mc,mmlu_pro_economics:mc::none,mmlu_pro_economics,1f244c402cf1d30b526aeb45853fcd6d,acc_raw,844,0.1338862559241706,13.38862559241706
ue5m3_proposed_torch,"Proposed UE5M3 FP4, generic Torch emulator, cold D=50",fp4_activation_training_replay_d50,quantized_ue5m3_fp4,True,140,mmlu_pro_mc,mmlu_pro_engineering:mc::none,mmlu_pro_engineering,54bbb809be7d6561080cd2de064b5ae0,acc_raw,969,0.1001031991744066,10.010319917440661
ue5m3_proposed_torch,"Proposed UE5M3 FP4, generic Torch emulator, cold D=50",fp4_activation_training_replay_d50,quantized_ue5m3_fp4,True,141,mmlu_pro_mc,mmlu_pro_philosophy:mc::none,mmlu_pro_philosophy,5b7c6ac776a56489682222be6f541625,acc_raw,499,0.1683366733466934,16.83366733466934
ue5m3_proposed_torch,"Proposed UE5M3 FP4, generic Torch emulator, cold D=50",fp4_activation_training_replay_d50,quantized_ue5m3_fp4,True,142,mmlu_pro_mc,mmlu_pro_other:mc::none,mmlu_pro_other,0b6ca1930bca1d0f42dc530297c7f613,acc_raw,924,0.10714285714285714,10.714285714285714
ue5m3_proposed_torch,"Proposed UE5M3 FP4, generic Torch emulator, cold D=50",fp4_activation_training_replay_d50,quantized_ue5m3_fp4,True,143,mmlu_pro_mc,mmlu_pro_history:mc::none,mmlu_pro_history,12ff9c5cffacabb6082bd196f004bdc7,acc_raw,381,0.13385826771653545,13.385826771653544
ue5m3_proposed_torch,"Proposed UE5M3 FP4, generic Torch emulator, cold D=50",fp4_activation_training_replay_d50,quantized_ue5m3_fp4,True,144,mmlu_pro_mc,mmlu_pro_psychology:mc::none,mmlu_pro_psychology,6b377ac052d6e9c0346a30a4c109d290,acc_raw,798,0.08646616541353383,8.646616541353383
ue5m3_proposed_torch,"Proposed UE5M3 FP4, generic Torch emulator, cold D=50",fp4_activation_training_replay_d50,quantized_ue5m3_fp4,True,145,mmlu_pro_mc,mmlu_pro_law:mc::none,mmlu_pro_law,7e5b61df22d557ef28caee941b91aa69,acc_raw,1101,0.11262488646684832,11.262488646684831
nvfp4_te_recipe,"Transformer Engine NVFP4 recipe, native current-tensor D=1",nvfp4_transformer_engine_native,native_nvfp4_transformer_engine,True,0,core_9mcqa_olmes,arc_easy:mc::olmes,arc_easy:mc,c8c246d1822e8ad46441536ef5c4f4f3,acc_raw,1000,0.246,24.6
nvfp4_te_recipe,"Transformer Engine NVFP4 recipe, native current-tensor D=1",nvfp4_transformer_engine_native,native_nvfp4_transformer_engine,True,1,core_9mcqa_olmes,arc_easy:rc::olmes,arc_easy,53bd6ac04aafb5f2d1c5ab836325f27e,acc_per_char,1000,0.751,75.1
nvfp4_te_recipe,"Transformer Engine NVFP4 recipe, native current-tensor D=1",nvfp4_transformer_engine_native,native_nvfp4_transformer_engine,True,2,core_9mcqa_olmes,arc_challenge:mc::olmes,arc_challenge:mc,903ed260afcf0caaf0450b55e69ddf3a,acc_raw,1172,0.2645051194539249,26.450511945392492
nvfp4_te_recipe,"Transformer Engine NVFP4 recipe, native current-tensor D=1",nvfp4_transformer_engine_native,native_nvfp4_transformer_engine,True,3,core_9mcqa_olmes,arc_challenge:rc::olmes,arc_challenge,cac12ad4468d93ad9fc41cb9599795c6,acc_uncond,1172,0.4564846416382253,45.648464163822524
nvfp4_te_recipe,"Transformer Engine NVFP4 recipe, native current-tensor D=1",nvfp4_transformer_engine_native,native_nvfp4_transformer_engine,True,4,core_9mcqa_olmes,boolq:mc::olmes,boolq:mc,315dba082fe52a6058cdc5b806550ce4,acc_raw,1000,0.431,43.1
nvfp4_te_recipe,"Transformer Engine NVFP4 recipe, native current-tensor D=1",nvfp4_transformer_engine_native,native_nvfp4_transformer_engine,True,5,core_9mcqa_olmes,boolq:rc::olmes,boolq,0bfbc3015e70e6dfba1f6b9b266334ba,acc_raw,1000,0.684,68.4
nvfp4_te_recipe,"Transformer Engine NVFP4 recipe, native current-tensor D=1",nvfp4_transformer_engine_native,native_nvfp4_transformer_engine,True,6,core_9mcqa_olmes,csqa:mc::olmes,csqa:mc,d0de18d67d31994a2b5e2d2e87918a36,acc_raw,1221,0.2153972153972154,21.53972153972154
nvfp4_te_recipe,"Transformer Engine NVFP4 recipe, native current-tensor D=1",nvfp4_transformer_engine_native,native_nvfp4_transformer_engine,True,7,core_9mcqa_olmes,csqa:rc::olmes,csqa,095f3f94d29c4f17ff7005f7252ba051,acc_uncond,1221,0.6822276822276823,68.22276822276822
nvfp4_te_recipe,"Transformer Engine NVFP4 recipe, native current-tensor D=1",nvfp4_transformer_engine_native,native_nvfp4_transformer_engine,True,8,core_9mcqa_olmes,hellaswag:mc::olmes,hellaswag:mc,58011dd35e359a4de96cd11745a16895,acc_raw,1000,0.261,26.1
nvfp4_te_recipe,"Transformer Engine NVFP4 recipe, native current-tensor D=1",nvfp4_transformer_engine_native,native_nvfp4_transformer_engine,True,9,core_9mcqa_olmes,hellaswag:rc::olmes,hellaswag,126122195b41bf14d9091a9cdd414690,acc_per_char,1000,0.721,72.1
nvfp4_te_recipe,"Transformer Engine NVFP4 recipe, native current-tensor D=1",nvfp4_transformer_engine_native,native_nvfp4_transformer_engine,True,10,core_9mcqa_olmes,openbookqa:mc::olmes,openbookqa:mc,17ee8b464c2aae92e093fb7096684165,acc_raw,500,0.262,26.200000000000003
nvfp4_te_recipe,"Transformer Engine NVFP4 recipe, native current-tensor D=1",nvfp4_transformer_engine_native,native_nvfp4_transformer_engine,True,11,core_9mcqa_olmes,openbookqa:rc::olmes,openbookqa,8c852627a335c1a263d4bbc6deea2be0,acc_uncond,500,0.506,50.6
nvfp4_te_recipe,"Transformer Engine NVFP4 recipe, native current-tensor D=1",nvfp4_transformer_engine_native,native_nvfp4_transformer_engine,True,12,core_9mcqa_olmes,piqa:mc::olmes,piqa:mc,f4cc9f661d585e160a1d8eb867cd040c,acc_raw,1000,0.468,46.800000000000004
nvfp4_te_recipe,"Transformer Engine NVFP4 recipe, native current-tensor D=1",nvfp4_transformer_engine_native,native_nvfp4_transformer_engine,True,13,core_9mcqa_olmes,piqa:rc::olmes,piqa,f63d922029758d577fcc9dba83c9de5c,acc_per_char,1000,0.755,75.5
nvfp4_te_recipe,"Transformer Engine NVFP4 recipe, native current-tensor D=1",nvfp4_transformer_engine_native,native_nvfp4_transformer_engine,True,14,core_9mcqa_olmes,socialiqa:mc::olmes,socialiqa:mc,1f8ad25448306986fa263f77e5966e9e,acc_raw,1000,0.351,35.099999999999994
nvfp4_te_recipe,"Transformer Engine NVFP4 recipe, native current-tensor D=1",nvfp4_transformer_engine_native,native_nvfp4_transformer_engine,True,15,core_9mcqa_olmes,socialiqa:rc::olmes,socialiqa,18e6bcddd3ce25d04e57dc2b321f78c7,acc_per_char,1000,0.557,55.7
nvfp4_te_recipe,"Transformer Engine NVFP4 recipe, native current-tensor D=1",nvfp4_transformer_engine_native,native_nvfp4_transformer_engine,True,16,core_9mcqa_olmes,winogrande:mc::olmes,winogrande:mc,dadb31c80b5be4914ed051cd8660191e,acc_raw,1267,0.4940805051302289,49.408050513022886
nvfp4_te_recipe,"Transformer Engine NVFP4 recipe, native current-tensor D=1",nvfp4_transformer_engine_native,native_nvfp4_transformer_engine,True,17,core_9mcqa_olmes,winogrande:rc::olmes,winogrande,9b11ef7f437e610eba48f6d273ed6886,acc_raw,1267,0.6195737963693765,61.957379636937645
nvfp4_te_recipe,"Transformer Engine NVFP4 recipe, native current-tensor D=1",nvfp4_transformer_engine_native,native_nvfp4_transformer_engine,True,18,mmlu_olmes,mmlu_abstract_algebra:mc::olmes,mmlu_abstract_algebra:mc,77b926c73e62bfb451729f8369068e7d,acc_raw,100,0.22,22.0
nvfp4_te_recipe,"Transformer Engine NVFP4 recipe, native current-tensor D=1",nvfp4_transformer_engine_native,native_nvfp4_transformer_engine,True,19,mmlu_olmes,mmlu_anatomy:mc::olmes,mmlu_anatomy:mc,3df98cd8b30afac6feb32f0d0c15395a,acc_raw,135,0.2962962962962963,29.629629629629626
nvfp4_te_recipe,"Transformer Engine NVFP4 recipe, native current-tensor D=1",nvfp4_transformer_engine_native,native_nvfp4_transformer_engine,True,20,mmlu_olmes,mmlu_astronomy:mc::olmes,mmlu_astronomy:mc,4c69c754b323e0755cb7939b84f228ed,acc_raw,152,0.21052631578947367,21.052631578947366
nvfp4_te_recipe,"Transformer Engine NVFP4 recipe, native current-tensor D=1",nvfp4_transformer_engine_native,native_nvfp4_transformer_engine,True,21,mmlu_olmes,mmlu_business_ethics:mc::olmes,mmlu_business_ethics:mc,87137b826dda58e8ffb978e165f39584,acc_raw,100,0.22,22.0
nvfp4_te_recipe,"Transformer Engine NVFP4 recipe, native current-tensor D=1",nvfp4_transformer_engine_native,native_nvfp4_transformer_engine,True,22,mmlu_olmes,mmlu_clinical_knowledge:mc::olmes,mmlu_clinical_knowledge:mc,9d6878a0e485f563ac271370eaedecca,acc_raw,265,0.26037735849056604,26.037735849056602
nvfp4_te_recipe,"Transformer Engine NVFP4 recipe, native current-tensor D=1",nvfp4_transformer_engine_native,native_nvfp4_transformer_engine,True,23,mmlu_olmes,mmlu_college_biology:mc::olmes,mmlu_college_biology:mc,8096d725e82f92b942ae20c48c82f083,acc_raw,144,0.2986111111111111,29.86111111111111
nvfp4_te_recipe,"Transformer Engine NVFP4 recipe, native current-tensor D=1",nvfp4_transformer_engine_native,native_nvfp4_transformer_engine,True,24,mmlu_olmes,mmlu_college_chemistry:mc::olmes,mmlu_college_chemistry:mc,c81eb9c78ac300cca76358582a1c739b,acc_raw,100,0.25,25.0
nvfp4_te_recipe,"Transformer Engine NVFP4 recipe, native current-tensor D=1",nvfp4_transformer_engine_native,native_nvfp4_transformer_engine,True,25,mmlu_olmes,mmlu_college_computer_science:mc::olmes,mmlu_college_computer_science:mc,62b92a5477c84fcf987c1798a4ac6144,acc_raw,100,0.21,21.0
nvfp4_te_recipe,"Transformer Engine NVFP4 recipe, native current-tensor D=1",nvfp4_transformer_engine_native,native_nvfp4_transformer_engine,True,26,mmlu_olmes,mmlu_college_mathematics:mc::olmes,mmlu_college_mathematics:mc,58356a19598345fb1941515d0d9cb55a,acc_raw,100,0.24,24.0
nvfp4_te_recipe,"Transformer Engine NVFP4 recipe, native current-tensor D=1",nvfp4_transformer_engine_native,native_nvfp4_transformer_engine,True,27,mmlu_olmes,mmlu_college_medicine:mc::olmes,mmlu_college_medicine:mc,42a584dc3ed8ae2ce00c9027c5f13764,acc_raw,173,0.19653179190751446,19.653179190751445
nvfp4_te_recipe,"Transformer Engine NVFP4 recipe, native current-tensor D=1",nvfp4_transformer_engine_native,native_nvfp4_transformer_engine,True,28,mmlu_olmes,mmlu_college_physics:mc::olmes,mmlu_college_physics:mc,f88df4ad824e68680862d00e429c26a7,acc_raw,102,0.16666666666666666,16.666666666666664
nvfp4_te_recipe,"Transformer Engine NVFP4 recipe, native current-tensor D=1",nvfp4_transformer_engine_native,native_nvfp4_transformer_engine,True,29,mmlu_olmes,mmlu_computer_security:mc::olmes,mmlu_computer_security:mc,274890b9e6abfcbe5e049394bec76a11,acc_raw,100,0.29,28.999999999999996
nvfp4_te_recipe,"Transformer Engine NVFP4 recipe, native current-tensor D=1",nvfp4_transformer_engine_native,native_nvfp4_transformer_engine,True,30,mmlu_olmes,mmlu_conceptual_physics:mc::olmes,mmlu_conceptual_physics:mc,6519f132a34e21233a8f9f0333f4e555,acc_raw,235,0.30638297872340425,30.638297872340424
nvfp4_te_recipe,"Transformer Engine NVFP4 recipe, native current-tensor D=1",nvfp4_transformer_engine_native,native_nvfp4_transformer_engine,True,31,mmlu_olmes,mmlu_econometrics:mc::olmes,mmlu_econometrics:mc,91203daf877dfbefa7095516334a1e98,acc_raw,114,0.2807017543859649,28.07017543859649
nvfp4_te_recipe,"Transformer Engine NVFP4 recipe, native current-tensor D=1",nvfp4_transformer_engine_native,native_nvfp4_transformer_engine,True,32,mmlu_olmes,mmlu_electrical_engineering:mc::olmes,mmlu_electrical_engineering:mc,de26b9c8d62e22f56e8a4d55889a44e3,acc_raw,145,0.3103448275862069,31.03448275862069
nvfp4_te_recipe,"Transformer Engine NVFP4 recipe, native current-tensor D=1",nvfp4_transformer_engine_native,native_nvfp4_transformer_engine,True,33,mmlu_olmes,mmlu_elementary_mathematics:mc::olmes,mmlu_elementary_mathematics:mc,2fd2518cf837baede6f2f5ba45bb6f96,acc_raw,378,0.24338624338624337,24.33862433862434
nvfp4_te_recipe,"Transformer Engine NVFP4 recipe, native current-tensor D=1",nvfp4_transformer_engine_native,native_nvfp4_transformer_engine,True,34,mmlu_olmes,mmlu_formal_logic:mc::olmes,mmlu_formal_logic:mc,576d739646e3de210be990be680fc79a,acc_raw,126,0.1984126984126984,19.841269841269842
nvfp4_te_recipe,"Transformer Engine NVFP4 recipe, native current-tensor D=1",nvfp4_transformer_engine_native,native_nvfp4_transformer_engine,True,35,mmlu_olmes,mmlu_global_facts:mc::olmes,mmlu_global_facts:mc,abe93df0daabe114b8f58bc0403370e9,acc_raw,100,0.39,39.0
nvfp4_te_recipe,"Transformer Engine NVFP4 recipe, native current-tensor D=1",nvfp4_transformer_engine_native,native_nvfp4_transformer_engine,True,36,mmlu_olmes,mmlu_high_school_biology:mc::olmes,mmlu_high_school_biology:mc,85b9c284bdb7766f8302f5f68ea6d5ea,acc_raw,310,0.24193548387096775,24.193548387096776
nvfp4_te_recipe,"Transformer Engine NVFP4 recipe, native current-tensor D=1",nvfp4_transformer_engine_native,native_nvfp4_transformer_engine,True,37,mmlu_olmes,mmlu_high_school_chemistry:mc::olmes,mmlu_high_school_chemistry:mc,5827c892e23b58ef2e73b1fff7d82785,acc_raw,203,0.2955665024630542,29.55665024630542
nvfp4_te_recipe,"Transformer Engine NVFP4 recipe, native current-tensor D=1",nvfp4_transformer_engine_native,native_nvfp4_transformer_engine,True,38,mmlu_olmes,mmlu_high_school_computer_science:mc::olmes,mmlu_high_school_computer_science:mc,6d75fa6123dd1ed66ba94585a8b2bf39,acc_raw,100,0.26,26.0
nvfp4_te_recipe,"Transformer Engine NVFP4 recipe, native current-tensor D=1",nvfp4_transformer_engine_native,native_nvfp4_transformer_engine,True,39,mmlu_olmes,mmlu_high_school_european_history:mc::olmes,mmlu_high_school_european_history:mc,549d578255eaa95f7f38eda146cc6a6f,acc_raw,165,0.2,20.0
nvfp4_te_recipe,"Transformer Engine NVFP4 recipe, native current-tensor D=1",nvfp4_transformer_engine_native,native_nvfp4_transformer_engine,True,40,mmlu_olmes,mmlu_high_school_geography:mc::olmes,mmlu_high_school_geography:mc,dc8a2714268b6839e30e7e5079b64427,acc_raw,198,0.25252525252525254,25.252525252525253
nvfp4_te_recipe,"Transformer Engine NVFP4 recipe, native current-tensor D=1",nvfp4_transformer_engine_native,native_nvfp4_transformer_engine,True,41,mmlu_olmes,mmlu_high_school_government_and_politics:mc::olmes,mmlu_high_school_government_and_politics:mc,8a37fcf03946fe1bc4a34806f2cb5dce,acc_raw,193,0.2694300518134715,26.94300518134715
nvfp4_te_recipe,"Transformer Engine NVFP4 recipe, native current-tensor D=1",nvfp4_transformer_engine_native,native_nvfp4_transformer_engine,True,42,mmlu_olmes,mmlu_high_school_macroeconomics:mc::olmes,mmlu_high_school_macroeconomics:mc,ccb44607c3c6469cd5fd9989bfcf2c41,acc_raw,390,0.23846153846153847,23.846153846153847
nvfp4_te_recipe,"Transformer Engine NVFP4 recipe, native current-tensor D=1",nvfp4_transformer_engine_native,native_nvfp4_transformer_engine,True,43,mmlu_olmes,mmlu_high_school_mathematics:mc::olmes,mmlu_high_school_mathematics:mc,75eb1cfdca9c6c512d2654d308f8f680,acc_raw,270,0.21481481481481482,21.48148148148148
nvfp4_te_recipe,"Transformer Engine NVFP4 recipe, native current-tensor D=1",nvfp4_transformer_engine_native,native_nvfp4_transformer_engine,True,44,mmlu_olmes,mmlu_high_school_microeconomics:mc::olmes,mmlu_high_school_microeconomics:mc,416b805a359dbae1c968cd7473076e01,acc_raw,238,0.21008403361344538,21.008403361344538
nvfp4_te_recipe,"Transformer Engine NVFP4 recipe, native current-tensor D=1",nvfp4_transformer_engine_native,native_nvfp4_transformer_engine,True,45,mmlu_olmes,mmlu_high_school_physics:mc::olmes,mmlu_high_school_physics:mc,10e66780e9dca3f32aba1ccf99269a3a,acc_raw,151,0.23178807947019867,23.178807947019866
nvfp4_te_recipe,"Transformer Engine NVFP4 recipe, native current-tensor D=1",nvfp4_transformer_engine_native,native_nvfp4_transformer_engine,True,46,mmlu_olmes,mmlu_high_school_psychology:mc::olmes,mmlu_high_school_psychology:mc,99447030d2ce6ef8805646c1c34fcee4,acc_raw,545,0.26238532110091745,26.238532110091743
nvfp4_te_recipe,"Transformer Engine NVFP4 recipe, native current-tensor D=1",nvfp4_transformer_engine_native,native_nvfp4_transformer_engine,True,47,mmlu_olmes,mmlu_high_school_statistics:mc::olmes,mmlu_high_school_statistics:mc,c020e14507911b6f3d966cfaad4534f1,acc_raw,216,0.3611111111111111,36.11111111111111
nvfp4_te_recipe,"Transformer Engine NVFP4 recipe, native current-tensor D=1",nvfp4_transformer_engine_native,native_nvfp4_transformer_engine,True,48,mmlu_olmes,mmlu_high_school_us_history:mc::olmes,mmlu_high_school_us_history:mc,39a904d96d65a2dfbd0510fcea9880d7,acc_raw,204,0.27450980392156865,27.450980392156865
nvfp4_te_recipe,"Transformer Engine NVFP4 recipe, native current-tensor D=1",nvfp4_transformer_engine_native,native_nvfp4_transformer_engine,True,49,mmlu_olmes,mmlu_high_school_world_history:mc::olmes,mmlu_high_school_world_history:mc,768c5cdb11af17a3440943d9e0b580dd,acc_raw,237,0.25738396624472576,25.738396624472575
nvfp4_te_recipe,"Transformer Engine NVFP4 recipe, native current-tensor D=1",nvfp4_transformer_engine_native,native_nvfp4_transformer_engine,True,50,mmlu_olmes,mmlu_human_aging:mc::olmes,mmlu_human_aging:mc,93f0df9c8b68127692f1593f33d8a3ef,acc_raw,223,0.3183856502242152,31.838565022421523
nvfp4_te_recipe,"Transformer Engine NVFP4 recipe, native current-tensor D=1",nvfp4_transformer_engine_native,native_nvfp4_transformer_engine,True,51,mmlu_olmes,mmlu_human_sexuality:mc::olmes,mmlu_human_sexuality:mc,a62edc21ec6f517a598a5dda52e84b43,acc_raw,131,0.2595419847328244,25.954198473282442
nvfp4_te_recipe,"Transformer Engine NVFP4 recipe, native current-tensor D=1",nvfp4_transformer_engine_native,native_nvfp4_transformer_engine,True,52,mmlu_olmes,mmlu_international_law:mc::olmes,mmlu_international_law:mc,787374b70fc6053820673a14463d3eef,acc_raw,121,0.2644628099173554,26.446280991735538
nvfp4_te_recipe,"Transformer Engine NVFP4 recipe, native current-tensor D=1",nvfp4_transformer_engine_native,native_nvfp4_transformer_engine,True,53,mmlu_olmes,mmlu_jurisprudence:mc::olmes,mmlu_jurisprudence:mc,62a7a1734abbc37dafe8313b6291d817,acc_raw,108,0.28703703703703703,28.703703703703702
nvfp4_te_recipe,"Transformer Engine NVFP4 recipe, native current-tensor D=1",nvfp4_transformer_engine_native,native_nvfp4_transformer_engine,True,54,mmlu_olmes,mmlu_logical_fallacies:mc::olmes,mmlu_logical_fallacies:mc,a020032fa288c2fac6168a824df57170,acc_raw,163,0.2392638036809816,23.92638036809816
nvfp4_te_recipe,"Transformer Engine NVFP4 recipe, native current-tensor D=1",nvfp4_transformer_engine_native,native_nvfp4_transformer_engine,True,55,mmlu_olmes,mmlu_machine_learning:mc::olmes,mmlu_machine_learning:mc,e3d4f22b97438517e698917faccba7da,acc_raw,112,0.29464285714285715,29.464285714285715
nvfp4_te_recipe,"Transformer Engine NVFP4 recipe, native current-tensor D=1",nvfp4_transformer_engine_native,native_nvfp4_transformer_engine,True,56,mmlu_olmes,mmlu_management:mc::olmes,mmlu_management:mc,04b6414e648a7a3ba8402771facebd9e,acc_raw,103,0.27184466019417475,27.184466019417474
nvfp4_te_recipe,"Transformer Engine NVFP4 recipe, native current-tensor D=1",nvfp4_transformer_engine_native,native_nvfp4_transformer_engine,True,57,mmlu_olmes,mmlu_marketing:mc::olmes,mmlu_marketing:mc,8e73bf0fb469a9eddfa7a8f258d99873,acc_raw,234,0.25213675213675213,25.213675213675213
nvfp4_te_recipe,"Transformer Engine NVFP4 recipe, native current-tensor D=1",nvfp4_transformer_engine_native,native_nvfp4_transformer_engine,True,58,mmlu_olmes,mmlu_medical_genetics:mc::olmes,mmlu_medical_genetics:mc,bc9af3a22284b0a0d08e2c6a1f378d22,acc_raw,100,0.22,22.0
nvfp4_te_recipe,"Transformer Engine NVFP4 recipe, native current-tensor D=1",nvfp4_transformer_engine_native,native_nvfp4_transformer_engine,True,59,mmlu_olmes,mmlu_miscellaneous:mc::olmes,mmlu_miscellaneous:mc,46b4ac7975c87092b13c0cf2ce85a4d1,acc_raw,783,0.2796934865900383,27.969348659003828
nvfp4_te_recipe,"Transformer Engine NVFP4 recipe, native current-tensor D=1",nvfp4_transformer_engine_native,native_nvfp4_transformer_engine,True,60,mmlu_olmes,mmlu_moral_disputes:mc::olmes,mmlu_moral_disputes:mc,0664fc5034aba7df0fe1df2d1a217e88,acc_raw,346,0.28034682080924855,28.034682080924856
nvfp4_te_recipe,"Transformer Engine NVFP4 recipe, native current-tensor D=1",nvfp4_transformer_engine_native,native_nvfp4_transformer_engine,True,61,mmlu_olmes,mmlu_moral_scenarios:mc::olmes,mmlu_moral_scenarios:mc,a2396dc8f3cdb9c9dd5e98fd351e9198,acc_raw,895,0.2446927374301676,24.46927374301676
nvfp4_te_recipe,"Transformer Engine NVFP4 recipe, native current-tensor D=1",nvfp4_transformer_engine_native,native_nvfp4_transformer_engine,True,62,mmlu_olmes,mmlu_nutrition:mc::olmes,mmlu_nutrition:mc,8b190e2f404b28ca0cd715094e5386b1,acc_raw,306,0.27124183006535946,27.124183006535947
nvfp4_te_recipe,"Transformer Engine NVFP4 recipe, native current-tensor D=1",nvfp4_transformer_engine_native,native_nvfp4_transformer_engine,True,63,mmlu_olmes,mmlu_philosophy:mc::olmes,mmlu_philosophy:mc,9b517eefa6d090b0622fc18650d70617,acc_raw,311,0.2315112540192926,23.15112540192926
nvfp4_te_recipe,"Transformer Engine NVFP4 recipe, native current-tensor D=1",nvfp4_transformer_engine_native,native_nvfp4_transformer_engine,True,64,mmlu_olmes,mmlu_prehistory:mc::olmes,mmlu_prehistory:mc,fcfa15d6031340a724aaa21ae383922e,acc_raw,324,0.2777777777777778,27.77777777777778
nvfp4_te_recipe,"Transformer Engine NVFP4 recipe, native current-tensor D=1",nvfp4_transformer_engine_native,native_nvfp4_transformer_engine,True,65,mmlu_olmes,mmlu_professional_accounting:mc::olmes,mmlu_professional_accounting:mc,233710033ac6f9a2c339a08d7344c9d0,acc_raw,282,0.23404255319148937,23.404255319148938
nvfp4_te_recipe,"Transformer Engine NVFP4 recipe, native current-tensor D=1",nvfp4_transformer_engine_native,native_nvfp4_transformer_engine,True,66,mmlu_olmes,mmlu_professional_law:mc::olmes,mmlu_professional_law:mc,df18d9512e07e1c6f633ee039a943e23,acc_raw,1534,0.24967405475880053,24.967405475880053
nvfp4_te_recipe,"Transformer Engine NVFP4 recipe, native current-tensor D=1",nvfp4_transformer_engine_native,native_nvfp4_transformer_engine,True,67,mmlu_olmes,mmlu_professional_medicine:mc::olmes,mmlu_professional_medicine:mc,1e3f139838d69169d5a80ebb58be505a,acc_raw,272,0.19852941176470587,19.852941176470587
nvfp4_te_recipe,"Transformer Engine NVFP4 recipe, native current-tensor D=1",nvfp4_transformer_engine_native,native_nvfp4_transformer_engine,True,68,mmlu_olmes,mmlu_professional_psychology:mc::olmes,mmlu_professional_psychology:mc,ee984454c2b6c8ce9d942162f4563c66,acc_raw,612,0.26143790849673204,26.143790849673206
nvfp4_te_recipe,"Transformer Engine NVFP4 recipe, native current-tensor D=1",nvfp4_transformer_engine_native,native_nvfp4_transformer_engine,True,69,mmlu_olmes,mmlu_public_relations:mc::olmes,mmlu_public_relations:mc,8b1e2c5a479ea01b9bf00bbd37ac4cb1,acc_raw,110,0.3181818181818182,31.818181818181817
nvfp4_te_recipe,"Transformer Engine NVFP4 recipe, native current-tensor D=1",nvfp4_transformer_engine_native,native_nvfp4_transformer_engine,True,70,mmlu_olmes,mmlu_security_studies:mc::olmes,mmlu_security_studies:mc,f45a610fabc63b178d02b9705769e51a,acc_raw,245,0.15510204081632653,15.510204081632653
nvfp4_te_recipe,"Transformer Engine NVFP4 recipe, native current-tensor D=1",nvfp4_transformer_engine_native,native_nvfp4_transformer_engine,True,71,mmlu_olmes,mmlu_sociology:mc::olmes,mmlu_sociology:mc,ab7475a0c07ff6128f3c340e30a2c48d,acc_raw,201,0.208955223880597,20.8955223880597
nvfp4_te_recipe,"Transformer Engine NVFP4 recipe, native current-tensor D=1",nvfp4_transformer_engine_native,native_nvfp4_transformer_engine,True,72,mmlu_olmes,mmlu_us_foreign_policy:mc::olmes,mmlu_us_foreign_policy:mc,e8aaa8bc89da8c987774b45a635a5874,acc_raw,100,0.31,31.0
nvfp4_te_recipe,"Transformer Engine NVFP4 recipe, native current-tensor D=1",nvfp4_transformer_engine_native,native_nvfp4_transformer_engine,True,73,mmlu_olmes,mmlu_virology:mc::olmes,mmlu_virology:mc,7b03eddd30aced0d2872e78119dce06c,acc_raw,166,0.21686746987951808,21.686746987951807
nvfp4_te_recipe,"Transformer Engine NVFP4 recipe, native current-tensor D=1",nvfp4_transformer_engine_native,native_nvfp4_transformer_engine,True,74,mmlu_olmes,mmlu_world_religions:mc::olmes,mmlu_world_religions:mc,2b77bb4249a09c916d061ae0d5b378bd,acc_raw,171,0.29239766081871343,29.239766081871345
nvfp4_te_recipe,"Transformer Engine NVFP4 recipe, native current-tensor D=1",nvfp4_transformer_engine_native,native_nvfp4_transformer_engine,True,75,mmlu_olmes,mmlu_abstract_algebra:rc::olmes,mmlu_abstract_algebra,15700d84a97667659182d75884f934cd,acc_per_char,100,0.23,23.0
nvfp4_te_recipe,"Transformer Engine NVFP4 recipe, native current-tensor D=1",nvfp4_transformer_engine_native,native_nvfp4_transformer_engine,True,76,mmlu_olmes,mmlu_anatomy:rc::olmes,mmlu_anatomy,0cdcee2423fbe040b1e5ff34b0af45e6,acc_per_char,135,0.43703703703703706,43.7037037037037
nvfp4_te_recipe,"Transformer Engine NVFP4 recipe, native current-tensor D=1",nvfp4_transformer_engine_native,native_nvfp4_transformer_engine,True,77,mmlu_olmes,mmlu_astronomy:rc::olmes,mmlu_astronomy,13d838006e583f18e99063d8b219a97b,acc_per_char,152,0.4144736842105263,41.44736842105263
nvfp4_te_recipe,"Transformer Engine NVFP4 recipe, native current-tensor D=1",nvfp4_transformer_engine_native,native_nvfp4_transformer_engine,True,78,mmlu_olmes,mmlu_business_ethics:rc::olmes,mmlu_business_ethics,715185b32494e985a6dee5becfcd82ac,acc_per_char,100,0.58,57.99999999999999
nvfp4_te_recipe,"Transformer Engine NVFP4 recipe, native current-tensor D=1",nvfp4_transformer_engine_native,native_nvfp4_transformer_engine,True,79,mmlu_olmes,mmlu_clinical_knowledge:rc::olmes,mmlu_clinical_knowledge,523c347f74ddd79f7fb2c15eee89d4e7,acc_per_char,265,0.42641509433962266,42.64150943396226
nvfp4_te_recipe,"Transformer Engine NVFP4 recipe, native current-tensor D=1",nvfp4_transformer_engine_native,native_nvfp4_transformer_engine,True,80,mmlu_olmes,mmlu_college_biology:rc::olmes,mmlu_college_biology,966e8cfd13dcf0edc71778a03a922090,acc_per_char,144,0.4305555555555556,43.05555555555556
nvfp4_te_recipe,"Transformer Engine NVFP4 recipe, native current-tensor D=1",nvfp4_transformer_engine_native,native_nvfp4_transformer_engine,True,81,mmlu_olmes,mmlu_college_chemistry:rc::olmes,mmlu_college_chemistry,70f725b1d196bca595c7b851cdcc6644,acc_per_char,100,0.26,26.0
nvfp4_te_recipe,"Transformer Engine NVFP4 recipe, native current-tensor D=1",nvfp4_transformer_engine_native,native_nvfp4_transformer_engine,True,82,mmlu_olmes,mmlu_college_computer_science:rc::olmes,mmlu_college_computer_science,eb1e7cea65f6797185cc87483e3f19fe,acc_per_char,100,0.29,28.999999999999996
nvfp4_te_recipe,"Transformer Engine NVFP4 recipe, native current-tensor D=1",nvfp4_transformer_engine_native,native_nvfp4_transformer_engine,True,83,mmlu_olmes,mmlu_college_mathematics:rc::olmes,mmlu_college_mathematics,18dd2cd649daf7a06132d51a6e17c35d,acc_per_char,100,0.18,18.0
nvfp4_te_recipe,"Transformer Engine NVFP4 recipe, native current-tensor D=1",nvfp4_transformer_engine_native,native_nvfp4_transformer_engine,True,84,mmlu_olmes,mmlu_college_medicine:rc::olmes,mmlu_college_medicine,d92b222841c28a98039763c60b61ee73,acc_per_char,173,0.36416184971098264,36.41618497109826
nvfp4_te_recipe,"Transformer Engine NVFP4 recipe, native current-tensor D=1",nvfp4_transformer_engine_native,native_nvfp4_transformer_engine,True,85,mmlu_olmes,mmlu_college_physics:rc::olmes,mmlu_college_physics,63cbfbf37f8fcf7fd03052712d5b5d24,acc_per_char,102,0.20588235294117646,20.588235294117645
nvfp4_te_recipe,"Transformer Engine NVFP4 recipe, native current-tensor D=1",nvfp4_transformer_engine_native,native_nvfp4_transformer_engine,True,86,mmlu_olmes,mmlu_computer_security:rc::olmes,mmlu_computer_security,95adfb15effac11bb4b7b4312e8c2a05,acc_per_char,100,0.54,54.0
nvfp4_te_recipe,"Transformer Engine NVFP4 recipe, native current-tensor D=1",nvfp4_transformer_engine_native,native_nvfp4_transformer_engine,True,87,mmlu_olmes,mmlu_conceptual_physics:rc::olmes,mmlu_conceptual_physics,567f44d0f94d8fa4a0119c131e858075,acc_per_char,235,0.41702127659574467,41.702127659574465
nvfp4_te_recipe,"Transformer Engine NVFP4 recipe, native current-tensor D=1",nvfp4_transformer_engine_native,native_nvfp4_transformer_engine,True,88,mmlu_olmes,mmlu_econometrics:rc::olmes,mmlu_econometrics,cb799ab80dc053a353c3bcc7b9386abf,acc_per_char,114,0.2894736842105263,28.947368421052634
nvfp4_te_recipe,"Transformer Engine NVFP4 recipe, native current-tensor D=1",nvfp4_transformer_engine_native,native_nvfp4_transformer_engine,True,89,mmlu_olmes,mmlu_electrical_engineering:rc::olmes,mmlu_electrical_engineering,15723c065162a191867085b670c56b73,acc_per_char,145,0.3586206896551724,35.86206896551724
nvfp4_te_recipe,"Transformer Engine NVFP4 recipe, native current-tensor D=1",nvfp4_transformer_engine_native,native_nvfp4_transformer_engine,True,90,mmlu_olmes,mmlu_elementary_mathematics:rc::olmes,mmlu_elementary_mathematics,b17cb50df9dc3885e7dbcb4fef405683,acc_per_char,378,0.30952380952380953,30.952380952380953
nvfp4_te_recipe,"Transformer Engine NVFP4 recipe, native current-tensor D=1",nvfp4_transformer_engine_native,native_nvfp4_transformer_engine,True,91,mmlu_olmes,mmlu_formal_logic:rc::olmes,mmlu_formal_logic,82b5ac945cc5c2f1cb54beff73486830,acc_per_char,126,0.24603174603174602,24.6031746031746
nvfp4_te_recipe,"Transformer Engine NVFP4 recipe, native current-tensor D=1",nvfp4_transformer_engine_native,native_nvfp4_transformer_engine,True,92,mmlu_olmes,mmlu_global_facts:rc::olmes,mmlu_global_facts,5acad514fa0105c06b71f6c924ef5b04,acc_per_char,100,0.32,32.0
nvfp4_te_recipe,"Transformer Engine NVFP4 recipe, native current-tensor D=1",nvfp4_transformer_engine_native,native_nvfp4_transformer_engine,True,93,mmlu_olmes,mmlu_high_school_biology:rc::olmes,mmlu_high_school_biology,d8ddda6f3e5c7889d7d36ff8dd51cc52,acc_per_char,310,0.4838709677419355,48.38709677419355
nvfp4_te_recipe,"Transformer Engine NVFP4 recipe, native current-tensor D=1",nvfp4_transformer_engine_native,native_nvfp4_transformer_engine,True,94,mmlu_olmes,mmlu_high_school_chemistry:rc::olmes,mmlu_high_school_chemistry,b905822505fc6bf87ee81088ffd93b9f,acc_per_char,203,0.22660098522167488,22.660098522167488
nvfp4_te_recipe,"Transformer Engine NVFP4 recipe, native current-tensor D=1",nvfp4_transformer_engine_native,native_nvfp4_transformer_engine,True,95,mmlu_olmes,mmlu_high_school_computer_science:rc::olmes,mmlu_high_school_computer_science,1f6e4443a6932f4e6c85ae1ee2ea6857,acc_per_char,100,0.35,35.0
nvfp4_te_recipe,"Transformer Engine NVFP4 recipe, native current-tensor D=1",nvfp4_transformer_engine_native,native_nvfp4_transformer_engine,True,96,mmlu_olmes,mmlu_high_school_european_history:rc::olmes,mmlu_high_school_european_history,297df68d8b8abb3dac4039039adf6936,acc_per_char,165,0.46060606060606063,46.06060606060606
nvfp4_te_recipe,"Transformer Engine NVFP4 recipe, native current-tensor D=1",nvfp4_transformer_engine_native,native_nvfp4_transformer_engine,True,97,mmlu_olmes,mmlu_high_school_geography:rc::olmes,mmlu_high_school_geography,09a0ea8c0d69e87db9d64b78e47808da,acc_per_char,198,0.4494949494949495,44.94949494949495
nvfp4_te_recipe,"Transformer Engine NVFP4 recipe, native current-tensor D=1",nvfp4_transformer_engine_native,native_nvfp4_transformer_engine,True,98,mmlu_olmes,mmlu_high_school_government_and_politics:rc::olmes,mmlu_high_school_government_and_politics,690e157a2167b4be83aeb3025e100359,acc_per_char,193,0.5181347150259067,51.813471502590666
nvfp4_te_recipe,"Transformer Engine NVFP4 recipe, native current-tensor D=1",nvfp4_transformer_engine_native,native_nvfp4_transformer_engine,True,99,mmlu_olmes,mmlu_high_school_macroeconomics:rc::olmes,mmlu_high_school_macroeconomics,5cd50ebcbec63cd7b59273fb53e145a2,acc_per_char,390,0.382051282051282,38.205128205128204
nvfp4_te_recipe,"Transformer Engine NVFP4 recipe, native current-tensor D=1",nvfp4_transformer_engine_native,native_nvfp4_transformer_engine,True,100,mmlu_olmes,mmlu_high_school_mathematics:rc::olmes,mmlu_high_school_mathematics,0a5104b0df6138995e01f4d9e30bf3bc,acc_per_char,270,0.18518518518518517,18.51851851851852
nvfp4_te_recipe,"Transformer Engine NVFP4 recipe, native current-tensor D=1",nvfp4_transformer_engine_native,native_nvfp4_transformer_engine,True,101,mmlu_olmes,mmlu_high_school_microeconomics:rc::olmes,mmlu_high_school_microeconomics,47974510bc14d32dee9c1ae0da6aa77c,acc_per_char,238,0.4327731092436975,43.27731092436975
nvfp4_te_recipe,"Transformer Engine NVFP4 recipe, native current-tensor D=1",nvfp4_transformer_engine_native,native_nvfp4_transformer_engine,True,102,mmlu_olmes,mmlu_high_school_physics:rc::olmes,mmlu_high_school_physics,70926d73081fbee1ee38fc002891a21a,acc_per_char,151,0.2582781456953642,25.82781456953642
nvfp4_te_recipe,"Transformer Engine NVFP4 recipe, native current-tensor D=1",nvfp4_transformer_engine_native,native_nvfp4_transformer_engine,True,103,mmlu_olmes,mmlu_high_school_psychology:rc::olmes,mmlu_high_school_psychology,63dd68a97d1abf7f719137d6f0d45d73,acc_per_char,545,0.5926605504587156,59.26605504587156
nvfp4_te_recipe,"Transformer Engine NVFP4 recipe, native current-tensor D=1",nvfp4_transformer_engine_native,native_nvfp4_transformer_engine,True,104,mmlu_olmes,mmlu_high_school_statistics:rc::olmes,mmlu_high_school_statistics,b25c8a521d2fb1d28a97e478d686eeaa,acc_per_char,216,0.3148148148148148,31.48148148148148
nvfp4_te_recipe,"Transformer Engine NVFP4 recipe, native current-tensor D=1",nvfp4_transformer_engine_native,native_nvfp4_transformer_engine,True,105,mmlu_olmes,mmlu_high_school_us_history:rc::olmes,mmlu_high_school_us_history,8290ed79cc88afc721c6f79b7318f541,acc_per_char,204,0.4117647058823529,41.17647058823529
nvfp4_te_recipe,"Transformer Engine NVFP4 recipe, native current-tensor D=1",nvfp4_transformer_engine_native,native_nvfp4_transformer_engine,True,106,mmlu_olmes,mmlu_high_school_world_history:rc::olmes,mmlu_high_school_world_history,934305afb0d486dcc158182788d0acfb,acc_per_char,237,0.3924050632911392,39.24050632911392
nvfp4_te_recipe,"Transformer Engine NVFP4 recipe, native current-tensor D=1",nvfp4_transformer_engine_native,native_nvfp4_transformer_engine,True,107,mmlu_olmes,mmlu_human_aging:rc::olmes,mmlu_human_aging,8d2b538449931b69b893e86b7416a7e7,acc_per_char,223,0.45739910313901344,45.73991031390135
nvfp4_te_recipe,"Transformer Engine NVFP4 recipe, native current-tensor D=1",nvfp4_transformer_engine_native,native_nvfp4_transformer_engine,True,108,mmlu_olmes,mmlu_human_sexuality:rc::olmes,mmlu_human_sexuality,88583bc91896ae15628a7050a8e8a08e,acc_per_char,131,0.4732824427480916,47.32824427480916
nvfp4_te_recipe,"Transformer Engine NVFP4 recipe, native current-tensor D=1",nvfp4_transformer_engine_native,native_nvfp4_transformer_engine,True,109,mmlu_olmes,mmlu_international_law:rc::olmes,mmlu_international_law,13a4e0bd7a029f10d0e8f9f01f60652e,acc_per_char,121,0.35537190082644626,35.53719008264463
nvfp4_te_recipe,"Transformer Engine NVFP4 recipe, native current-tensor D=1",nvfp4_transformer_engine_native,native_nvfp4_transformer_engine,True,110,mmlu_olmes,mmlu_jurisprudence:rc::olmes,mmlu_jurisprudence,4bb149c58cd53f521d90f628858862ab,acc_per_char,108,0.39814814814814814,39.81481481481482
nvfp4_te_recipe,"Transformer Engine NVFP4 recipe, native current-tensor D=1",nvfp4_transformer_engine_native,native_nvfp4_transformer_engine,True,111,mmlu_olmes,mmlu_logical_fallacies:rc::olmes,mmlu_logical_fallacies,d0506b820ec8299d87c27079f988edb9,acc_per_char,163,0.4233128834355828,42.331288343558285
nvfp4_te_recipe,"Transformer Engine NVFP4 recipe, native current-tensor D=1",nvfp4_transformer_engine_native,native_nvfp4_transformer_engine,True,112,mmlu_olmes,mmlu_machine_learning:rc::olmes,mmlu_machine_learning,d6289aec8cc57955804f5bdd7d78a0ab,acc_per_char,112,0.22321428571428573,22.321428571428573
nvfp4_te_recipe,"Transformer Engine NVFP4 recipe, native current-tensor D=1",nvfp4_transformer_engine_native,native_nvfp4_transformer_engine,True,113,mmlu_olmes,mmlu_management:rc::olmes,mmlu_management,5fdf48777d60532ea48c4228971ab9ce,acc_per_char,103,0.5436893203883495,54.36893203883495
nvfp4_te_recipe,"Transformer Engine NVFP4 recipe, native current-tensor D=1",nvfp4_transformer_engine_native,native_nvfp4_transformer_engine,True,114,mmlu_olmes,mmlu_marketing:rc::olmes,mmlu_marketing,ec59840b552e1b522ddcc91ebdd6bcdb,acc_per_char,234,0.5384615384615384,53.84615384615385
nvfp4_te_recipe,"Transformer Engine NVFP4 recipe, native current-tensor D=1",nvfp4_transformer_engine_native,native_nvfp4_transformer_engine,True,115,mmlu_olmes,mmlu_medical_genetics:rc::olmes,mmlu_medical_genetics,d21901ce2a60dd0484298f1929cd69e8,acc_per_char,100,0.45,45.0
nvfp4_te_recipe,"Transformer Engine NVFP4 recipe, native current-tensor D=1",nvfp4_transformer_engine_native,native_nvfp4_transformer_engine,True,116,mmlu_olmes,mmlu_miscellaneous:rc::olmes,mmlu_miscellaneous,53ccadb71923b35e1dfa8d894e2e3fc4,acc_per_char,783,0.6053639846743295,60.53639846743295
nvfp4_te_recipe,"Transformer Engine NVFP4 recipe, native current-tensor D=1",nvfp4_transformer_engine_native,native_nvfp4_transformer_engine,True,117,mmlu_olmes,mmlu_moral_disputes:rc::olmes,mmlu_moral_disputes,819a39344d1c377340e72e649cabebe9,acc_per_char,346,0.34104046242774566,34.104046242774565
nvfp4_te_recipe,"Transformer Engine NVFP4 recipe, native current-tensor D=1",nvfp4_transformer_engine_native,native_nvfp4_transformer_engine,True,118,mmlu_olmes,mmlu_moral_scenarios:rc::olmes,mmlu_moral_scenarios,cc409292717ac8649a1cd0cd7dc9fc73,acc_per_char,895,0.24022346368715083,24.022346368715084
nvfp4_te_recipe,"Transformer Engine NVFP4 recipe, native current-tensor D=1",nvfp4_transformer_engine_native,native_nvfp4_transformer_engine,True,119,mmlu_olmes,mmlu_nutrition:rc::olmes,mmlu_nutrition,61f9d819256c12d6bc8d289c7483b9c3,acc_per_char,306,0.3660130718954248,36.60130718954248
nvfp4_te_recipe,"Transformer Engine NVFP4 recipe, native current-tensor D=1",nvfp4_transformer_engine_native,native_nvfp4_transformer_engine,True,120,mmlu_olmes,mmlu_philosophy:rc::olmes,mmlu_philosophy,7b23cc5f2ff6984858f9f5ba128b8216,acc_per_char,311,0.40514469453376206,40.51446945337621
nvfp4_te_recipe,"Transformer Engine NVFP4 recipe, native current-tensor D=1",nvfp4_transformer_engine_native,native_nvfp4_transformer_engine,True,121,mmlu_olmes,mmlu_prehistory:rc::olmes,mmlu_prehistory,48fd13dbcd0c721b8d69339ee8209f97,acc_per_char,324,0.4104938271604938,41.04938271604938
nvfp4_te_recipe,"Transformer Engine NVFP4 recipe, native current-tensor D=1",nvfp4_transformer_engine_native,native_nvfp4_transformer_engine,True,122,mmlu_olmes,mmlu_professional_accounting:rc::olmes,mmlu_professional_accounting,57a5dba0840cc14c94ed31f79dee4ac7,acc_per_char,282,0.2872340425531915,28.723404255319153
nvfp4_te_recipe,"Transformer Engine NVFP4 recipe, native current-tensor D=1",nvfp4_transformer_engine_native,native_nvfp4_transformer_engine,True,123,mmlu_olmes,mmlu_professional_law:rc::olmes,mmlu_professional_law,56030e99119525ae79b8abf107affc40,acc_per_char,1534,0.28552803129074317,28.552803129074317
nvfp4_te_recipe,"Transformer Engine NVFP4 recipe, native current-tensor D=1",nvfp4_transformer_engine_native,native_nvfp4_transformer_engine,True,124,mmlu_olmes,mmlu_professional_medicine:rc::olmes,mmlu_professional_medicine,2b0232ca5abb81ded631049ad557a96e,acc_per_char,272,0.3639705882352941,36.39705882352941
nvfp4_te_recipe,"Transformer Engine NVFP4 recipe, native current-tensor D=1",nvfp4_transformer_engine_native,native_nvfp4_transformer_engine,True,125,mmlu_olmes,mmlu_professional_psychology:rc::olmes,mmlu_professional_psychology,77f07f47e032860fc6442c27cde81ac5,acc_per_char,612,0.36437908496732024,36.43790849673202
nvfp4_te_recipe,"Transformer Engine NVFP4 recipe, native current-tensor D=1",nvfp4_transformer_engine_native,native_nvfp4_transformer_engine,True,126,mmlu_olmes,mmlu_public_relations:rc::olmes,mmlu_public_relations,b3d8e8d8619b36ec8f35ac6eedd1d242,acc_per_char,110,0.3181818181818182,31.818181818181817
nvfp4_te_recipe,"Transformer Engine NVFP4 recipe, native current-tensor D=1",nvfp4_transformer_engine_native,native_nvfp4_transformer_engine,True,127,mmlu_olmes,mmlu_security_studies:rc::olmes,mmlu_security_studies,a7d55a48b6fa8697683abd6458dd2310,acc_per_char,245,0.2816326530612245,28.163265306122447
nvfp4_te_recipe,"Transformer Engine NVFP4 recipe, native current-tensor D=1",nvfp4_transformer_engine_native,native_nvfp4_transformer_engine,True,128,mmlu_olmes,mmlu_sociology:rc::olmes,mmlu_sociology,b30a972cad094aa6687f34495f4f5d9d,acc_per_char,201,0.36318407960199006,36.318407960199
nvfp4_te_recipe,"Transformer Engine NVFP4 recipe, native current-tensor D=1",nvfp4_transformer_engine_native,native_nvfp4_transformer_engine,True,129,mmlu_olmes,mmlu_us_foreign_policy:rc::olmes,mmlu_us_foreign_policy,14c587e70a64652d43ccb2972a2ee520,acc_per_char,100,0.4,40.0
nvfp4_te_recipe,"Transformer Engine NVFP4 recipe, native current-tensor D=1",nvfp4_transformer_engine_native,native_nvfp4_transformer_engine,True,130,mmlu_olmes,mmlu_virology:rc::olmes,mmlu_virology,de01c561afecb3cde13432a3ccf073b6,acc_per_char,166,0.3433734939759036,34.33734939759036
nvfp4_te_recipe,"Transformer Engine NVFP4 recipe, native current-tensor D=1",nvfp4_transformer_engine_native,native_nvfp4_transformer_engine,True,131,mmlu_olmes,mmlu_world_religions:rc::olmes,mmlu_world_religions,fa1acd404b2bda70e3664747e3c3db22,acc_per_char,171,0.6432748538011696,64.32748538011695
nvfp4_te_recipe,"Transformer Engine NVFP4 recipe, native current-tensor D=1",nvfp4_transformer_engine_native,native_nvfp4_transformer_engine,True,132,mmlu_pro_mc,mmlu_pro_math:mc::none,mmlu_pro_math,2f02776911c1a63e3bf3c96fbeeeccff,acc_raw,1351,0.0999259807549963,9.99259807549963
nvfp4_te_recipe,"Transformer Engine NVFP4 recipe, native current-tensor D=1",nvfp4_transformer_engine_native,native_nvfp4_transformer_engine,True,133,mmlu_pro_mc,mmlu_pro_health:mc::none,mmlu_pro_health,b12866ee79da1af676f9ef6d2cc6a223,acc_raw,818,0.12836185819070906,12.836185819070906
nvfp4_te_recipe,"Transformer Engine NVFP4 recipe, native current-tensor D=1",nvfp4_transformer_engine_native,native_nvfp4_transformer_engine,True,134,mmlu_pro_mc,mmlu_pro_physics:mc::none,mmlu_pro_physics,afe121df881d1e4e6ed6086e76d3e22a,acc_raw,1299,0.10161662817551963,10.161662817551962
nvfp4_te_recipe,"Transformer Engine NVFP4 recipe, native current-tensor D=1",nvfp4_transformer_engine_native,native_nvfp4_transformer_engine,True,135,mmlu_pro_mc,mmlu_pro_business:mc::none,mmlu_pro_business,8bcb1367c4dde160afbaf772d2920c42,acc_raw,789,0.10012674271229405,10.012674271229404
nvfp4_te_recipe,"Transformer Engine NVFP4 recipe, native current-tensor D=1",nvfp4_transformer_engine_native,native_nvfp4_transformer_engine,True,136,mmlu_pro_mc,mmlu_pro_biology:mc::none,mmlu_pro_biology,04a6eab9701cdeacd44a1ce81b45c5e6,acc_raw,717,0.1199442119944212,11.994421199442119
nvfp4_te_recipe,"Transformer Engine NVFP4 recipe, native current-tensor D=1",nvfp4_transformer_engine_native,native_nvfp4_transformer_engine,True,137,mmlu_pro_mc,mmlu_pro_chemistry:mc::none,mmlu_pro_chemistry,7e12262fe7a703eb0b277aba4d3522e3,acc_raw,1132,0.0892226148409894,8.92226148409894
nvfp4_te_recipe,"Transformer Engine NVFP4 recipe, native current-tensor D=1",nvfp4_transformer_engine_native,native_nvfp4_transformer_engine,True,138,mmlu_pro_mc,mmlu_pro_computer science:mc::none,mmlu_pro_computer science,2b87f63e753ec559787205262fa3cfd6,acc_raw,410,0.13902439024390245,13.902439024390246
nvfp4_te_recipe,"Transformer Engine NVFP4 recipe, native current-tensor D=1",nvfp4_transformer_engine_native,native_nvfp4_transformer_engine,True,139,mmlu_pro_mc,mmlu_pro_economics:mc::none,mmlu_pro_economics,1f244c402cf1d30b526aeb45853fcd6d,acc_raw,844,0.11492890995260663,11.492890995260662
nvfp4_te_recipe,"Transformer Engine NVFP4 recipe, native current-tensor D=1",nvfp4_transformer_engine_native,native_nvfp4_transformer_engine,True,140,mmlu_pro_mc,mmlu_pro_engineering:mc::none,mmlu_pro_engineering,54bbb809be7d6561080cd2de064b5ae0,acc_raw,969,0.11764705882352941,11.76470588235294
nvfp4_te_recipe,"Transformer Engine NVFP4 recipe, native current-tensor D=1",nvfp4_transformer_engine_native,native_nvfp4_transformer_engine,True,141,mmlu_pro_mc,mmlu_pro_philosophy:mc::none,mmlu_pro_philosophy,5b7c6ac776a56489682222be6f541625,acc_raw,499,0.13226452905811623,13.226452905811623
nvfp4_te_recipe,"Transformer Engine NVFP4 recipe, native current-tensor D=1",nvfp4_transformer_engine_native,native_nvfp4_transformer_engine,True,142,mmlu_pro_mc,mmlu_pro_other:mc::none,mmlu_pro_other,0b6ca1930bca1d0f42dc530297c7f613,acc_raw,924,0.12229437229437229,12.229437229437229
nvfp4_te_recipe,"Transformer Engine NVFP4 recipe, native current-tensor D=1",nvfp4_transformer_engine_native,native_nvfp4_transformer_engine,True,143,mmlu_pro_mc,mmlu_pro_history:mc::none,mmlu_pro_history,12ff9c5cffacabb6082bd196f004bdc7,acc_raw,381,0.11548556430446194,11.548556430446194
nvfp4_te_recipe,"Transformer Engine NVFP4 recipe, native current-tensor D=1",nvfp4_transformer_engine_native,native_nvfp4_transformer_engine,True,144,mmlu_pro_mc,mmlu_pro_psychology:mc::none,mmlu_pro_psychology,6b377ac052d6e9c0346a30a4c109d290,acc_raw,798,0.10150375939849623,10.150375939849624
nvfp4_te_recipe,"Transformer Engine NVFP4 recipe, native current-tensor D=1",nvfp4_transformer_engine_native,native_nvfp4_transformer_engine,True,145,mmlu_pro_mc,mmlu_pro_law:mc::none,mmlu_pro_law,7e5b61df22d557ef28caee941b91aa69,acc_raw,1101,0.10899182561307902,10.899182561307901
nvfp4_proposed_settings,"Native NVFP4 no-RHT/all-linears ablation, effective D=1",nvfp4_transformer_engine_native,native_nvfp4_transformer_engine,True,0,core_9mcqa_olmes,arc_easy:mc::olmes,arc_easy:mc,c8c246d1822e8ad46441536ef5c4f4f3,acc_raw,1000,0.231,23.1
nvfp4_proposed_settings,"Native NVFP4 no-RHT/all-linears ablation, effective D=1",nvfp4_transformer_engine_native,native_nvfp4_transformer_engine,True,1,core_9mcqa_olmes,arc_easy:rc::olmes,arc_easy,53bd6ac04aafb5f2d1c5ab836325f27e,acc_per_char,1000,0.723,72.3
nvfp4_proposed_settings,"Native NVFP4 no-RHT/all-linears ablation, effective D=1",nvfp4_transformer_engine_native,native_nvfp4_transformer_engine,True,2,core_9mcqa_olmes,arc_challenge:mc::olmes,arc_challenge:mc,903ed260afcf0caaf0450b55e69ddf3a,acc_raw,1172,0.2687713310580205,26.87713310580205
nvfp4_proposed_settings,"Native NVFP4 no-RHT/all-linears ablation, effective D=1",nvfp4_transformer_engine_native,native_nvfp4_transformer_engine,True,3,core_9mcqa_olmes,arc_challenge:rc::olmes,arc_challenge,cac12ad4468d93ad9fc41cb9599795c6,acc_uncond,1172,0.4180887372013652,41.80887372013652
nvfp4_proposed_settings,"Native NVFP4 no-RHT/all-linears ablation, effective D=1",nvfp4_transformer_engine_native,native_nvfp4_transformer_engine,True,4,core_9mcqa_olmes,boolq:mc::olmes,boolq:mc,315dba082fe52a6058cdc5b806550ce4,acc_raw,1000,0.623,62.3
nvfp4_proposed_settings,"Native NVFP4 no-RHT/all-linears ablation, effective D=1",nvfp4_transformer_engine_native,native_nvfp4_transformer_engine,True,5,core_9mcqa_olmes,boolq:rc::olmes,boolq,0bfbc3015e70e6dfba1f6b9b266334ba,acc_raw,1000,0.591,59.099999999999994
nvfp4_proposed_settings,"Native NVFP4 no-RHT/all-linears ablation, effective D=1",nvfp4_transformer_engine_native,native_nvfp4_transformer_engine,True,6,core_9mcqa_olmes,csqa:mc::olmes,csqa:mc,d0de18d67d31994a2b5e2d2e87918a36,acc_raw,1221,0.19082719082719082,19.082719082719084
nvfp4_proposed_settings,"Native NVFP4 no-RHT/all-linears ablation, effective D=1",nvfp4_transformer_engine_native,native_nvfp4_transformer_engine,True,7,core_9mcqa_olmes,csqa:rc::olmes,csqa,095f3f94d29c4f17ff7005f7252ba051,acc_uncond,1221,0.6371826371826372,63.71826371826372
nvfp4_proposed_settings,"Native NVFP4 no-RHT/all-linears ablation, effective D=1",nvfp4_transformer_engine_native,native_nvfp4_transformer_engine,True,8,core_9mcqa_olmes,hellaswag:mc::olmes,hellaswag:mc,58011dd35e359a4de96cd11745a16895,acc_raw,1000,0.237,23.7
nvfp4_proposed_settings,"Native NVFP4 no-RHT/all-linears ablation, effective D=1",nvfp4_transformer_engine_native,native_nvfp4_transformer_engine,True,9,core_9mcqa_olmes,hellaswag:rc::olmes,hellaswag,126122195b41bf14d9091a9cdd414690,acc_per_char,1000,0.638,63.800000000000004
nvfp4_proposed_settings,"Native NVFP4 no-RHT/all-linears ablation, effective D=1",nvfp4_transformer_engine_native,native_nvfp4_transformer_engine,True,10,core_9mcqa_olmes,openbookqa:mc::olmes,openbookqa:mc,17ee8b464c2aae92e093fb7096684165,acc_raw,500,0.246,24.6
nvfp4_proposed_settings,"Native NVFP4 no-RHT/all-linears ablation, effective D=1",nvfp4_transformer_engine_native,native_nvfp4_transformer_engine,True,11,core_9mcqa_olmes,openbookqa:rc::olmes,openbookqa,8c852627a335c1a263d4bbc6deea2be0,acc_uncond,500,0.48,48.0
nvfp4_proposed_settings,"Native NVFP4 no-RHT/all-linears ablation, effective D=1",nvfp4_transformer_engine_native,native_nvfp4_transformer_engine,True,12,core_9mcqa_olmes,piqa:mc::olmes,piqa:mc,f4cc9f661d585e160a1d8eb867cd040c,acc_raw,1000,0.503,50.3
nvfp4_proposed_settings,"Native NVFP4 no-RHT/all-linears ablation, effective D=1",nvfp4_transformer_engine_native,native_nvfp4_transformer_engine,True,13,core_9mcqa_olmes,piqa:rc::olmes,piqa,f63d922029758d577fcc9dba83c9de5c,acc_per_char,1000,0.747,74.7
nvfp4_proposed_settings,"Native NVFP4 no-RHT/all-linears ablation, effective D=1",nvfp4_transformer_engine_native,native_nvfp4_transformer_engine,True,14,core_9mcqa_olmes,socialiqa:mc::olmes,socialiqa:mc,1f8ad25448306986fa263f77e5966e9e,acc_raw,1000,0.338,33.800000000000004
nvfp4_proposed_settings,"Native NVFP4 no-RHT/all-linears ablation, effective D=1",nvfp4_transformer_engine_native,native_nvfp4_transformer_engine,True,15,core_9mcqa_olmes,socialiqa:rc::olmes,socialiqa,18e6bcddd3ce25d04e57dc2b321f78c7,acc_per_char,1000,0.531,53.1
nvfp4_proposed_settings,"Native NVFP4 no-RHT/all-linears ablation, effective D=1",nvfp4_transformer_engine_native,native_nvfp4_transformer_engine,True,16,core_9mcqa_olmes,winogrande:mc::olmes,winogrande:mc,dadb31c80b5be4914ed051cd8660191e,acc_raw,1267,0.5130228887134964,51.302288871349646
nvfp4_proposed_settings,"Native NVFP4 no-RHT/all-linears ablation, effective D=1",nvfp4_transformer_engine_native,native_nvfp4_transformer_engine,True,17,core_9mcqa_olmes,winogrande:rc::olmes,winogrande,9b11ef7f437e610eba48f6d273ed6886,acc_raw,1267,0.5974743488555643,59.74743488555643
nvfp4_proposed_settings,"Native NVFP4 no-RHT/all-linears ablation, effective D=1",nvfp4_transformer_engine_native,native_nvfp4_transformer_engine,True,18,mmlu_olmes,mmlu_abstract_algebra:mc::olmes,mmlu_abstract_algebra:mc,77b926c73e62bfb451729f8369068e7d,acc_raw,100,0.2,20.0
nvfp4_proposed_settings,"Native NVFP4 no-RHT/all-linears ablation, effective D=1",nvfp4_transformer_engine_native,native_nvfp4_transformer_engine,True,19,mmlu_olmes,mmlu_anatomy:mc::olmes,mmlu_anatomy:mc,3df98cd8b30afac6feb32f0d0c15395a,acc_raw,135,0.21481481481481482,21.48148148148148
nvfp4_proposed_settings,"Native NVFP4 no-RHT/all-linears ablation, effective D=1",nvfp4_transformer_engine_native,native_nvfp4_transformer_engine,True,20,mmlu_olmes,mmlu_astronomy:mc::olmes,mmlu_astronomy:mc,4c69c754b323e0755cb7939b84f228ed,acc_raw,152,0.2236842105263158,22.36842105263158
nvfp4_proposed_settings,"Native NVFP4 no-RHT/all-linears ablation, effective D=1",nvfp4_transformer_engine_native,native_nvfp4_transformer_engine,True,21,mmlu_olmes,mmlu_business_ethics:mc::olmes,mmlu_business_ethics:mc,87137b826dda58e8ffb978e165f39584,acc_raw,100,0.21,21.0
nvfp4_proposed_settings,"Native NVFP4 no-RHT/all-linears ablation, effective D=1",nvfp4_transformer_engine_native,native_nvfp4_transformer_engine,True,22,mmlu_olmes,mmlu_clinical_knowledge:mc::olmes,mmlu_clinical_knowledge:mc,9d6878a0e485f563ac271370eaedecca,acc_raw,265,0.2641509433962264,26.41509433962264
nvfp4_proposed_settings,"Native NVFP4 no-RHT/all-linears ablation, effective D=1",nvfp4_transformer_engine_native,native_nvfp4_transformer_engine,True,23,mmlu_olmes,mmlu_college_biology:mc::olmes,mmlu_college_biology:mc,8096d725e82f92b942ae20c48c82f083,acc_raw,144,0.16666666666666666,16.666666666666664
nvfp4_proposed_settings,"Native NVFP4 no-RHT/all-linears ablation, effective D=1",nvfp4_transformer_engine_native,native_nvfp4_transformer_engine,True,24,mmlu_olmes,mmlu_college_chemistry:mc::olmes,mmlu_college_chemistry:mc,c81eb9c78ac300cca76358582a1c739b,acc_raw,100,0.16,16.0
nvfp4_proposed_settings,"Native NVFP4 no-RHT/all-linears ablation, effective D=1",nvfp4_transformer_engine_native,native_nvfp4_transformer_engine,True,25,mmlu_olmes,mmlu_college_computer_science:mc::olmes,mmlu_college_computer_science:mc,62b92a5477c84fcf987c1798a4ac6144,acc_raw,100,0.23,23.0
nvfp4_proposed_settings,"Native NVFP4 no-RHT/all-linears ablation, effective D=1",nvfp4_transformer_engine_native,native_nvfp4_transformer_engine,True,26,mmlu_olmes,mmlu_college_mathematics:mc::olmes,mmlu_college_mathematics:mc,58356a19598345fb1941515d0d9cb55a,acc_raw,100,0.31,31.0
nvfp4_proposed_settings,"Native NVFP4 no-RHT/all-linears ablation, effective D=1",nvfp4_transformer_engine_native,native_nvfp4_transformer_engine,True,27,mmlu_olmes,mmlu_college_medicine:mc::olmes,mmlu_college_medicine:mc,42a584dc3ed8ae2ce00c9027c5f13764,acc_raw,173,0.23699421965317918,23.699421965317917
nvfp4_proposed_settings,"Native NVFP4 no-RHT/all-linears ablation, effective D=1",nvfp4_transformer_engine_native,native_nvfp4_transformer_engine,True,28,mmlu_olmes,mmlu_college_physics:mc::olmes,mmlu_college_physics:mc,f88df4ad824e68680862d00e429c26a7,acc_raw,102,0.19607843137254902,19.607843137254903
nvfp4_proposed_settings,"Native NVFP4 no-RHT/all-linears ablation, effective D=1",nvfp4_transformer_engine_native,native_nvfp4_transformer_engine,True,29,mmlu_olmes,mmlu_computer_security:mc::olmes,mmlu_computer_security:mc,274890b9e6abfcbe5e049394bec76a11,acc_raw,100,0.25,25.0
nvfp4_proposed_settings,"Native NVFP4 no-RHT/all-linears ablation, effective D=1",nvfp4_transformer_engine_native,native_nvfp4_transformer_engine,True,30,mmlu_olmes,mmlu_conceptual_physics:mc::olmes,mmlu_conceptual_physics:mc,6519f132a34e21233a8f9f0333f4e555,acc_raw,235,0.23829787234042554,23.829787234042556
nvfp4_proposed_settings,"Native NVFP4 no-RHT/all-linears ablation, effective D=1",nvfp4_transformer_engine_native,native_nvfp4_transformer_engine,True,31,mmlu_olmes,mmlu_econometrics:mc::olmes,mmlu_econometrics:mc,91203daf877dfbefa7095516334a1e98,acc_raw,114,0.2807017543859649,28.07017543859649
nvfp4_proposed_settings,"Native NVFP4 no-RHT/all-linears ablation, effective D=1",nvfp4_transformer_engine_native,native_nvfp4_transformer_engine,True,32,mmlu_olmes,mmlu_electrical_engineering:mc::olmes,mmlu_electrical_engineering:mc,de26b9c8d62e22f56e8a4d55889a44e3,acc_raw,145,0.2413793103448276,24.137931034482758
nvfp4_proposed_settings,"Native NVFP4 no-RHT/all-linears ablation, effective D=1",nvfp4_transformer_engine_native,native_nvfp4_transformer_engine,True,33,mmlu_olmes,mmlu_elementary_mathematics:mc::olmes,mmlu_elementary_mathematics:mc,2fd2518cf837baede6f2f5ba45bb6f96,acc_raw,378,0.25925925925925924,25.925925925925924
nvfp4_proposed_settings,"Native NVFP4 no-RHT/all-linears ablation, effective D=1",nvfp4_transformer_engine_native,native_nvfp4_transformer_engine,True,34,mmlu_olmes,mmlu_formal_logic:mc::olmes,mmlu_formal_logic:mc,576d739646e3de210be990be680fc79a,acc_raw,126,0.1984126984126984,19.841269841269842
nvfp4_proposed_settings,"Native NVFP4 no-RHT/all-linears ablation, effective D=1",nvfp4_transformer_engine_native,native_nvfp4_transformer_engine,True,35,mmlu_olmes,mmlu_global_facts:mc::olmes,mmlu_global_facts:mc,abe93df0daabe114b8f58bc0403370e9,acc_raw,100,0.25,25.0
nvfp4_proposed_settings,"Native NVFP4 no-RHT/all-linears ablation, effective D=1",nvfp4_transformer_engine_native,native_nvfp4_transformer_engine,True,36,mmlu_olmes,mmlu_high_school_biology:mc::olmes,mmlu_high_school_biology:mc,85b9c284bdb7766f8302f5f68ea6d5ea,acc_raw,310,0.27741935483870966,27.741935483870968
nvfp4_proposed_settings,"Native NVFP4 no-RHT/all-linears ablation, effective D=1",nvfp4_transformer_engine_native,native_nvfp4_transformer_engine,True,37,mmlu_olmes,mmlu_high_school_chemistry:mc::olmes,mmlu_high_school_chemistry:mc,5827c892e23b58ef2e73b1fff7d82785,acc_raw,203,0.2413793103448276,24.137931034482758
nvfp4_proposed_settings,"Native NVFP4 no-RHT/all-linears ablation, effective D=1",nvfp4_transformer_engine_native,native_nvfp4_transformer_engine,True,38,mmlu_olmes,mmlu_high_school_computer_science:mc::olmes,mmlu_high_school_computer_science:mc,6d75fa6123dd1ed66ba94585a8b2bf39,acc_raw,100,0.22,22.0
nvfp4_proposed_settings,"Native NVFP4 no-RHT/all-linears ablation, effective D=1",nvfp4_transformer_engine_native,native_nvfp4_transformer_engine,True,39,mmlu_olmes,mmlu_high_school_european_history:mc::olmes,mmlu_high_school_european_history:mc,549d578255eaa95f7f38eda146cc6a6f,acc_raw,165,0.23030303030303031,23.03030303030303
nvfp4_proposed_settings,"Native NVFP4 no-RHT/all-linears ablation, effective D=1",nvfp4_transformer_engine_native,native_nvfp4_transformer_engine,True,40,mmlu_olmes,mmlu_high_school_geography:mc::olmes,mmlu_high_school_geography:mc,dc8a2714268b6839e30e7e5079b64427,acc_raw,198,0.20202020202020202,20.2020202020202
nvfp4_proposed_settings,"Native NVFP4 no-RHT/all-linears ablation, effective D=1",nvfp4_transformer_engine_native,native_nvfp4_transformer_engine,True,41,mmlu_olmes,mmlu_high_school_government_and_politics:mc::olmes,mmlu_high_school_government_and_politics:mc,8a37fcf03946fe1bc4a34806f2cb5dce,acc_raw,193,0.2849740932642487,28.497409326424872
nvfp4_proposed_settings,"Native NVFP4 no-RHT/all-linears ablation, effective D=1",nvfp4_transformer_engine_native,native_nvfp4_transformer_engine,True,42,mmlu_olmes,mmlu_high_school_macroeconomics:mc::olmes,mmlu_high_school_macroeconomics:mc,ccb44607c3c6469cd5fd9989bfcf2c41,acc_raw,390,0.2717948717948718,27.17948717948718
nvfp4_proposed_settings,"Native NVFP4 no-RHT/all-linears ablation, effective D=1",nvfp4_transformer_engine_native,native_nvfp4_transformer_engine,True,43,mmlu_olmes,mmlu_high_school_mathematics:mc::olmes,mmlu_high_school_mathematics:mc,75eb1cfdca9c6c512d2654d308f8f680,acc_raw,270,0.21851851851851853,21.85185185185185
nvfp4_proposed_settings,"Native NVFP4 no-RHT/all-linears ablation, effective D=1",nvfp4_transformer_engine_native,native_nvfp4_transformer_engine,True,44,mmlu_olmes,mmlu_high_school_microeconomics:mc::olmes,mmlu_high_school_microeconomics:mc,416b805a359dbae1c968cd7473076e01,acc_raw,238,0.24369747899159663,24.369747899159663
nvfp4_proposed_settings,"Native NVFP4 no-RHT/all-linears ablation, effective D=1",nvfp4_transformer_engine_native,native_nvfp4_transformer_engine,True,45,mmlu_olmes,mmlu_high_school_physics:mc::olmes,mmlu_high_school_physics:mc,10e66780e9dca3f32aba1ccf99269a3a,acc_raw,151,0.1986754966887417,19.867549668874172
nvfp4_proposed_settings,"Native NVFP4 no-RHT/all-linears ablation, effective D=1",nvfp4_transformer_engine_native,native_nvfp4_transformer_engine,True,46,mmlu_olmes,mmlu_high_school_psychology:mc::olmes,mmlu_high_school_psychology:mc,99447030d2ce6ef8805646c1c34fcee4,acc_raw,545,0.22385321100917432,22.385321100917434
nvfp4_proposed_settings,"Native NVFP4 no-RHT/all-linears ablation, effective D=1",nvfp4_transformer_engine_native,native_nvfp4_transformer_engine,True,47,mmlu_olmes,mmlu_high_school_statistics:mc::olmes,mmlu_high_school_statistics:mc,c020e14507911b6f3d966cfaad4534f1,acc_raw,216,0.18518518518518517,18.51851851851852
nvfp4_proposed_settings,"Native NVFP4 no-RHT/all-linears ablation, effective D=1",nvfp4_transformer_engine_native,native_nvfp4_transformer_engine,True,48,mmlu_olmes,mmlu_high_school_us_history:mc::olmes,mmlu_high_school_us_history:mc,39a904d96d65a2dfbd0510fcea9880d7,acc_raw,204,0.27450980392156865,27.450980392156865
nvfp4_proposed_settings,"Native NVFP4 no-RHT/all-linears ablation, effective D=1",nvfp4_transformer_engine_native,native_nvfp4_transformer_engine,True,49,mmlu_olmes,mmlu_high_school_world_history:mc::olmes,mmlu_high_school_world_history:mc,768c5cdb11af17a3440943d9e0b580dd,acc_raw,237,0.1729957805907173,17.29957805907173
nvfp4_proposed_settings,"Native NVFP4 no-RHT/all-linears ablation, effective D=1",nvfp4_transformer_engine_native,native_nvfp4_transformer_engine,True,50,mmlu_olmes,mmlu_human_aging:mc::olmes,mmlu_human_aging:mc,93f0df9c8b68127692f1593f33d8a3ef,acc_raw,223,0.36771300448430494,36.771300448430495
nvfp4_proposed_settings,"Native NVFP4 no-RHT/all-linears ablation, effective D=1",nvfp4_transformer_engine_native,native_nvfp4_transformer_engine,True,51,mmlu_olmes,mmlu_human_sexuality:mc::olmes,mmlu_human_sexuality:mc,a62edc21ec6f517a598a5dda52e84b43,acc_raw,131,0.25190839694656486,25.190839694656486
nvfp4_proposed_settings,"Native NVFP4 no-RHT/all-linears ablation, effective D=1",nvfp4_transformer_engine_native,native_nvfp4_transformer_engine,True,52,mmlu_olmes,mmlu_international_law:mc::olmes,mmlu_international_law:mc,787374b70fc6053820673a14463d3eef,acc_raw,121,0.2644628099173554,26.446280991735538
nvfp4_proposed_settings,"Native NVFP4 no-RHT/all-linears ablation, effective D=1",nvfp4_transformer_engine_native,native_nvfp4_transformer_engine,True,53,mmlu_olmes,mmlu_jurisprudence:mc::olmes,mmlu_jurisprudence:mc,62a7a1734abbc37dafe8313b6291d817,acc_raw,108,0.2777777777777778,27.77777777777778
nvfp4_proposed_settings,"Native NVFP4 no-RHT/all-linears ablation, effective D=1",nvfp4_transformer_engine_native,native_nvfp4_transformer_engine,True,54,mmlu_olmes,mmlu_logical_fallacies:mc::olmes,mmlu_logical_fallacies:mc,a020032fa288c2fac6168a824df57170,acc_raw,163,0.2822085889570552,28.22085889570552
nvfp4_proposed_settings,"Native NVFP4 no-RHT/all-linears ablation, effective D=1",nvfp4_transformer_engine_native,native_nvfp4_transformer_engine,True,55,mmlu_olmes,mmlu_machine_learning:mc::olmes,mmlu_machine_learning:mc,e3d4f22b97438517e698917faccba7da,acc_raw,112,0.2857142857142857,28.57142857142857
nvfp4_proposed_settings,"Native NVFP4 no-RHT/all-linears ablation, effective D=1",nvfp4_transformer_engine_native,native_nvfp4_transformer_engine,True,56,mmlu_olmes,mmlu_management:mc::olmes,mmlu_management:mc,04b6414e648a7a3ba8402771facebd9e,acc_raw,103,0.2524271844660194,25.24271844660194
nvfp4_proposed_settings,"Native NVFP4 no-RHT/all-linears ablation, effective D=1",nvfp4_transformer_engine_native,native_nvfp4_transformer_engine,True,57,mmlu_olmes,mmlu_marketing:mc::olmes,mmlu_marketing:mc,8e73bf0fb469a9eddfa7a8f258d99873,acc_raw,234,0.19658119658119658,19.65811965811966
nvfp4_proposed_settings,"Native NVFP4 no-RHT/all-linears ablation, effective D=1",nvfp4_transformer_engine_native,native_nvfp4_transformer_engine,True,58,mmlu_olmes,mmlu_medical_genetics:mc::olmes,mmlu_medical_genetics:mc,bc9af3a22284b0a0d08e2c6a1f378d22,acc_raw,100,0.25,25.0
nvfp4_proposed_settings,"Native NVFP4 no-RHT/all-linears ablation, effective D=1",nvfp4_transformer_engine_native,native_nvfp4_transformer_engine,True,59,mmlu_olmes,mmlu_miscellaneous:mc::olmes,mmlu_miscellaneous:mc,46b4ac7975c87092b13c0cf2ce85a4d1,acc_raw,783,0.2515964240102171,25.15964240102171
nvfp4_proposed_settings,"Native NVFP4 no-RHT/all-linears ablation, effective D=1",nvfp4_transformer_engine_native,native_nvfp4_transformer_engine,True,60,mmlu_olmes,mmlu_moral_disputes:mc::olmes,mmlu_moral_disputes:mc,0664fc5034aba7df0fe1df2d1a217e88,acc_raw,346,0.2976878612716763,29.76878612716763
nvfp4_proposed_settings,"Native NVFP4 no-RHT/all-linears ablation, effective D=1",nvfp4_transformer_engine_native,native_nvfp4_transformer_engine,True,61,mmlu_olmes,mmlu_moral_scenarios:mc::olmes,mmlu_moral_scenarios:mc,a2396dc8f3cdb9c9dd5e98fd351e9198,acc_raw,895,0.2245810055865922,22.45810055865922
nvfp4_proposed_settings,"Native NVFP4 no-RHT/all-linears ablation, effective D=1",nvfp4_transformer_engine_native,native_nvfp4_transformer_engine,True,62,mmlu_olmes,mmlu_nutrition:mc::olmes,mmlu_nutrition:mc,8b190e2f404b28ca0cd715094e5386b1,acc_raw,306,0.28431372549019607,28.431372549019606
nvfp4_proposed_settings,"Native NVFP4 no-RHT/all-linears ablation, effective D=1",nvfp4_transformer_engine_native,native_nvfp4_transformer_engine,True,63,mmlu_olmes,mmlu_philosophy:mc::olmes,mmlu_philosophy:mc,9b517eefa6d090b0622fc18650d70617,acc_raw,311,0.2958199356913183,29.581993569131832
nvfp4_proposed_settings,"Native NVFP4 no-RHT/all-linears ablation, effective D=1",nvfp4_transformer_engine_native,native_nvfp4_transformer_engine,True,64,mmlu_olmes,mmlu_prehistory:mc::olmes,mmlu_prehistory:mc,fcfa15d6031340a724aaa21ae383922e,acc_raw,324,0.31790123456790126,31.790123456790127
nvfp4_proposed_settings,"Native NVFP4 no-RHT/all-linears ablation, effective D=1",nvfp4_transformer_engine_native,native_nvfp4_transformer_engine,True,65,mmlu_olmes,mmlu_professional_accounting:mc::olmes,mmlu_professional_accounting:mc,233710033ac6f9a2c339a08d7344c9d0,acc_raw,282,0.20921985815602837,20.921985815602838
nvfp4_proposed_settings,"Native NVFP4 no-RHT/all-linears ablation, effective D=1",nvfp4_transformer_engine_native,native_nvfp4_transformer_engine,True,66,mmlu_olmes,mmlu_professional_law:mc::olmes,mmlu_professional_law:mc,df18d9512e07e1c6f633ee039a943e23,acc_raw,1534,0.24315514993481094,24.315514993481095
nvfp4_proposed_settings,"Native NVFP4 no-RHT/all-linears ablation, effective D=1",nvfp4_transformer_engine_native,native_nvfp4_transformer_engine,True,67,mmlu_olmes,mmlu_professional_medicine:mc::olmes,mmlu_professional_medicine:mc,1e3f139838d69169d5a80ebb58be505a,acc_raw,272,0.3125,31.25
nvfp4_proposed_settings,"Native NVFP4 no-RHT/all-linears ablation, effective D=1",nvfp4_transformer_engine_native,native_nvfp4_transformer_engine,True,68,mmlu_olmes,mmlu_professional_psychology:mc::olmes,mmlu_professional_psychology:mc,ee984454c2b6c8ce9d942162f4563c66,acc_raw,612,0.27124183006535946,27.124183006535947
nvfp4_proposed_settings,"Native NVFP4 no-RHT/all-linears ablation, effective D=1",nvfp4_transformer_engine_native,native_nvfp4_transformer_engine,True,69,mmlu_olmes,mmlu_public_relations:mc::olmes,mmlu_public_relations:mc,8b1e2c5a479ea01b9bf00bbd37ac4cb1,acc_raw,110,0.2909090909090909,29.09090909090909
nvfp4_proposed_settings,"Native NVFP4 no-RHT/all-linears ablation, effective D=1",nvfp4_transformer_engine_native,native_nvfp4_transformer_engine,True,70,mmlu_olmes,mmlu_security_studies:mc::olmes,mmlu_security_studies:mc,f45a610fabc63b178d02b9705769e51a,acc_raw,245,0.15918367346938775,15.918367346938775
nvfp4_proposed_settings,"Native NVFP4 no-RHT/all-linears ablation, effective D=1",nvfp4_transformer_engine_native,native_nvfp4_transformer_engine,True,71,mmlu_olmes,mmlu_sociology:mc::olmes,mmlu_sociology:mc,ab7475a0c07ff6128f3c340e30a2c48d,acc_raw,201,0.23383084577114427,23.383084577114428
nvfp4_proposed_settings,"Native NVFP4 no-RHT/all-linears ablation, effective D=1",nvfp4_transformer_engine_native,native_nvfp4_transformer_engine,True,72,mmlu_olmes,mmlu_us_foreign_policy:mc::olmes,mmlu_us_foreign_policy:mc,e8aaa8bc89da8c987774b45a635a5874,acc_raw,100,0.25,25.0
nvfp4_proposed_settings,"Native NVFP4 no-RHT/all-linears ablation, effective D=1",nvfp4_transformer_engine_native,native_nvfp4_transformer_engine,True,73,mmlu_olmes,mmlu_virology:mc::olmes,mmlu_virology:mc,7b03eddd30aced0d2872e78119dce06c,acc_raw,166,0.29518072289156627,29.518072289156628
nvfp4_proposed_settings,"Native NVFP4 no-RHT/all-linears ablation, effective D=1",nvfp4_transformer_engine_native,native_nvfp4_transformer_engine,True,74,mmlu_olmes,mmlu_world_religions:mc::olmes,mmlu_world_religions:mc,2b77bb4249a09c916d061ae0d5b378bd,acc_raw,171,0.23976608187134502,23.976608187134502
nvfp4_proposed_settings,"Native NVFP4 no-RHT/all-linears ablation, effective D=1",nvfp4_transformer_engine_native,native_nvfp4_transformer_engine,True,75,mmlu_olmes,mmlu_abstract_algebra:rc::olmes,mmlu_abstract_algebra,15700d84a97667659182d75884f934cd,acc_per_char,100,0.22,22.0
nvfp4_proposed_settings,"Native NVFP4 no-RHT/all-linears ablation, effective D=1",nvfp4_transformer_engine_native,native_nvfp4_transformer_engine,True,76,mmlu_olmes,mmlu_anatomy:rc::olmes,mmlu_anatomy,0cdcee2423fbe040b1e5ff34b0af45e6,acc_per_char,135,0.4074074074074074,40.74074074074074
nvfp4_proposed_settings,"Native NVFP4 no-RHT/all-linears ablation, effective D=1",nvfp4_transformer_engine_native,native_nvfp4_transformer_engine,True,77,mmlu_olmes,mmlu_astronomy:rc::olmes,mmlu_astronomy,13d838006e583f18e99063d8b219a97b,acc_per_char,152,0.42105263157894735,42.10526315789473
nvfp4_proposed_settings,"Native NVFP4 no-RHT/all-linears ablation, effective D=1",nvfp4_transformer_engine_native,native_nvfp4_transformer_engine,True,78,mmlu_olmes,mmlu_business_ethics:rc::olmes,mmlu_business_ethics,715185b32494e985a6dee5becfcd82ac,acc_per_char,100,0.48,48.0
nvfp4_proposed_settings,"Native NVFP4 no-RHT/all-linears ablation, effective D=1",nvfp4_transformer_engine_native,native_nvfp4_transformer_engine,True,79,mmlu_olmes,mmlu_clinical_knowledge:rc::olmes,mmlu_clinical_knowledge,523c347f74ddd79f7fb2c15eee89d4e7,acc_per_char,265,0.41509433962264153,41.509433962264154
nvfp4_proposed_settings,"Native NVFP4 no-RHT/all-linears ablation, effective D=1",nvfp4_transformer_engine_native,native_nvfp4_transformer_engine,True,80,mmlu_olmes,mmlu_college_biology:rc::olmes,mmlu_college_biology,966e8cfd13dcf0edc71778a03a922090,acc_per_char,144,0.4166666666666667,41.66666666666667
nvfp4_proposed_settings,"Native NVFP4 no-RHT/all-linears ablation, effective D=1",nvfp4_transformer_engine_native,native_nvfp4_transformer_engine,True,81,mmlu_olmes,mmlu_college_chemistry:rc::olmes,mmlu_college_chemistry,70f725b1d196bca595c7b851cdcc6644,acc_per_char,100,0.33,33.0
nvfp4_proposed_settings,"Native NVFP4 no-RHT/all-linears ablation, effective D=1",nvfp4_transformer_engine_native,native_nvfp4_transformer_engine,True,82,mmlu_olmes,mmlu_college_computer_science:rc::olmes,mmlu_college_computer_science,eb1e7cea65f6797185cc87483e3f19fe,acc_per_char,100,0.24,24.0
nvfp4_proposed_settings,"Native NVFP4 no-RHT/all-linears ablation, effective D=1",nvfp4_transformer_engine_native,native_nvfp4_transformer_engine,True,83,mmlu_olmes,mmlu_college_mathematics:rc::olmes,mmlu_college_mathematics,18dd2cd649daf7a06132d51a6e17c35d,acc_per_char,100,0.18,18.0
nvfp4_proposed_settings,"Native NVFP4 no-RHT/all-linears ablation, effective D=1",nvfp4_transformer_engine_native,native_nvfp4_transformer_engine,True,84,mmlu_olmes,mmlu_college_medicine:rc::olmes,mmlu_college_medicine,d92b222841c28a98039763c60b61ee73,acc_per_char,173,0.34104046242774566,34.104046242774565
nvfp4_proposed_settings,"Native NVFP4 no-RHT/all-linears ablation, effective D=1",nvfp4_transformer_engine_native,native_nvfp4_transformer_engine,True,85,mmlu_olmes,mmlu_college_physics:rc::olmes,mmlu_college_physics,63cbfbf37f8fcf7fd03052712d5b5d24,acc_per_char,102,0.22549019607843138,22.54901960784314
nvfp4_proposed_settings,"Native NVFP4 no-RHT/all-linears ablation, effective D=1",nvfp4_transformer_engine_native,native_nvfp4_transformer_engine,True,86,mmlu_olmes,mmlu_computer_security:rc::olmes,mmlu_computer_security,95adfb15effac11bb4b7b4312e8c2a05,acc_per_char,100,0.48,48.0
nvfp4_proposed_settings,"Native NVFP4 no-RHT/all-linears ablation, effective D=1",nvfp4_transformer_engine_native,native_nvfp4_transformer_engine,True,87,mmlu_olmes,mmlu_conceptual_physics:rc::olmes,mmlu_conceptual_physics,567f44d0f94d8fa4a0119c131e858075,acc_per_char,235,0.3872340425531915,38.72340425531915
nvfp4_proposed_settings,"Native NVFP4 no-RHT/all-linears ablation, effective D=1",nvfp4_transformer_engine_native,native_nvfp4_transformer_engine,True,88,mmlu_olmes,mmlu_econometrics:rc::olmes,mmlu_econometrics,cb799ab80dc053a353c3bcc7b9386abf,acc_per_char,114,0.3157894736842105,31.57894736842105
nvfp4_proposed_settings,"Native NVFP4 no-RHT/all-linears ablation, effective D=1",nvfp4_transformer_engine_native,native_nvfp4_transformer_engine,True,89,mmlu_olmes,mmlu_electrical_engineering:rc::olmes,mmlu_electrical_engineering,15723c065162a191867085b670c56b73,acc_per_char,145,0.31724137931034485,31.724137931034484
nvfp4_proposed_settings,"Native NVFP4 no-RHT/all-linears ablation, effective D=1",nvfp4_transformer_engine_native,native_nvfp4_transformer_engine,True,90,mmlu_olmes,mmlu_elementary_mathematics:rc::olmes,mmlu_elementary_mathematics,b17cb50df9dc3885e7dbcb4fef405683,acc_per_char,378,0.2698412698412698,26.984126984126984
nvfp4_proposed_settings,"Native NVFP4 no-RHT/all-linears ablation, effective D=1",nvfp4_transformer_engine_native,native_nvfp4_transformer_engine,True,91,mmlu_olmes,mmlu_formal_logic:rc::olmes,mmlu_formal_logic,82b5ac945cc5c2f1cb54beff73486830,acc_per_char,126,0.24603174603174602,24.6031746031746
nvfp4_proposed_settings,"Native NVFP4 no-RHT/all-linears ablation, effective D=1",nvfp4_transformer_engine_native,native_nvfp4_transformer_engine,True,92,mmlu_olmes,mmlu_global_facts:rc::olmes,mmlu_global_facts,5acad514fa0105c06b71f6c924ef5b04,acc_per_char,100,0.22,22.0
nvfp4_proposed_settings,"Native NVFP4 no-RHT/all-linears ablation, effective D=1",nvfp4_transformer_engine_native,native_nvfp4_transformer_engine,True,93,mmlu_olmes,mmlu_high_school_biology:rc::olmes,mmlu_high_school_biology,d8ddda6f3e5c7889d7d36ff8dd51cc52,acc_per_char,310,0.4290322580645161,42.90322580645161
nvfp4_proposed_settings,"Native NVFP4 no-RHT/all-linears ablation, effective D=1",nvfp4_transformer_engine_native,native_nvfp4_transformer_engine,True,94,mmlu_olmes,mmlu_high_school_chemistry:rc::olmes,mmlu_high_school_chemistry,b905822505fc6bf87ee81088ffd93b9f,acc_per_char,203,0.22167487684729065,22.167487684729064
nvfp4_proposed_settings,"Native NVFP4 no-RHT/all-linears ablation, effective D=1",nvfp4_transformer_engine_native,native_nvfp4_transformer_engine,True,95,mmlu_olmes,mmlu_high_school_computer_science:rc::olmes,mmlu_high_school_computer_science,1f6e4443a6932f4e6c85ae1ee2ea6857,acc_per_char,100,0.28,28.000000000000004
nvfp4_proposed_settings,"Native NVFP4 no-RHT/all-linears ablation, effective D=1",nvfp4_transformer_engine_native,native_nvfp4_transformer_engine,True,96,mmlu_olmes,mmlu_high_school_european_history:rc::olmes,mmlu_high_school_european_history,297df68d8b8abb3dac4039039adf6936,acc_per_char,165,0.47878787878787876,47.878787878787875
nvfp4_proposed_settings,"Native NVFP4 no-RHT/all-linears ablation, effective D=1",nvfp4_transformer_engine_native,native_nvfp4_transformer_engine,True,97,mmlu_olmes,mmlu_high_school_geography:rc::olmes,mmlu_high_school_geography,09a0ea8c0d69e87db9d64b78e47808da,acc_per_char,198,0.41919191919191917,41.91919191919192
nvfp4_proposed_settings,"Native NVFP4 no-RHT/all-linears ablation, effective D=1",nvfp4_transformer_engine_native,native_nvfp4_transformer_engine,True,98,mmlu_olmes,mmlu_high_school_government_and_politics:rc::olmes,mmlu_high_school_government_and_politics,690e157a2167b4be83aeb3025e100359,acc_per_char,193,0.48186528497409326,48.18652849740933
nvfp4_proposed_settings,"Native NVFP4 no-RHT/all-linears ablation, effective D=1",nvfp4_transformer_engine_native,native_nvfp4_transformer_engine,True,99,mmlu_olmes,mmlu_high_school_macroeconomics:rc::olmes,mmlu_high_school_macroeconomics,5cd50ebcbec63cd7b59273fb53e145a2,acc_per_char,390,0.36153846153846153,36.15384615384615
nvfp4_proposed_settings,"Native NVFP4 no-RHT/all-linears ablation, effective D=1",nvfp4_transformer_engine_native,native_nvfp4_transformer_engine,True,100,mmlu_olmes,mmlu_high_school_mathematics:rc::olmes,mmlu_high_school_mathematics,0a5104b0df6138995e01f4d9e30bf3bc,acc_per_char,270,0.14444444444444443,14.444444444444443
nvfp4_proposed_settings,"Native NVFP4 no-RHT/all-linears ablation, effective D=1",nvfp4_transformer_engine_native,native_nvfp4_transformer_engine,True,101,mmlu_olmes,mmlu_high_school_microeconomics:rc::olmes,mmlu_high_school_microeconomics,47974510bc14d32dee9c1ae0da6aa77c,acc_per_char,238,0.40756302521008403,40.7563025210084
nvfp4_proposed_settings,"Native NVFP4 no-RHT/all-linears ablation, effective D=1",nvfp4_transformer_engine_native,native_nvfp4_transformer_engine,True,102,mmlu_olmes,mmlu_high_school_physics:rc::olmes,mmlu_high_school_physics,70926d73081fbee1ee38fc002891a21a,acc_per_char,151,0.2251655629139073,22.516556291390728
nvfp4_proposed_settings,"Native NVFP4 no-RHT/all-linears ablation, effective D=1",nvfp4_transformer_engine_native,native_nvfp4_transformer_engine,True,103,mmlu_olmes,mmlu_high_school_psychology:rc::olmes,mmlu_high_school_psychology,63dd68a97d1abf7f719137d6f0d45d73,acc_per_char,545,0.5284403669724771,52.84403669724771
nvfp4_proposed_settings,"Native NVFP4 no-RHT/all-linears ablation, effective D=1",nvfp4_transformer_engine_native,native_nvfp4_transformer_engine,True,104,mmlu_olmes,mmlu_high_school_statistics:rc::olmes,mmlu_high_school_statistics,b25c8a521d2fb1d28a97e478d686eeaa,acc_per_char,216,0.3194444444444444,31.944444444444443
nvfp4_proposed_settings,"Native NVFP4 no-RHT/all-linears ablation, effective D=1",nvfp4_transformer_engine_native,native_nvfp4_transformer_engine,True,105,mmlu_olmes,mmlu_high_school_us_history:rc::olmes,mmlu_high_school_us_history,8290ed79cc88afc721c6f79b7318f541,acc_per_char,204,0.37254901960784315,37.254901960784316
nvfp4_proposed_settings,"Native NVFP4 no-RHT/all-linears ablation, effective D=1",nvfp4_transformer_engine_native,native_nvfp4_transformer_engine,True,106,mmlu_olmes,mmlu_high_school_world_history:rc::olmes,mmlu_high_school_world_history,934305afb0d486dcc158182788d0acfb,acc_per_char,237,0.38396624472573837,38.39662447257383
nvfp4_proposed_settings,"Native NVFP4 no-RHT/all-linears ablation, effective D=1",nvfp4_transformer_engine_native,native_nvfp4_transformer_engine,True,107,mmlu_olmes,mmlu_human_aging:rc::olmes,mmlu_human_aging,8d2b538449931b69b893e86b7416a7e7,acc_per_char,223,0.452914798206278,45.2914798206278
nvfp4_proposed_settings,"Native NVFP4 no-RHT/all-linears ablation, effective D=1",nvfp4_transformer_engine_native,native_nvfp4_transformer_engine,True,108,mmlu_olmes,mmlu_human_sexuality:rc::olmes,mmlu_human_sexuality,88583bc91896ae15628a7050a8e8a08e,acc_per_char,131,0.44274809160305345,44.274809160305345
nvfp4_proposed_settings,"Native NVFP4 no-RHT/all-linears ablation, effective D=1",nvfp4_transformer_engine_native,native_nvfp4_transformer_engine,True,109,mmlu_olmes,mmlu_international_law:rc::olmes,mmlu_international_law,13a4e0bd7a029f10d0e8f9f01f60652e,acc_per_char,121,0.3305785123966942,33.057851239669425
nvfp4_proposed_settings,"Native NVFP4 no-RHT/all-linears ablation, effective D=1",nvfp4_transformer_engine_native,native_nvfp4_transformer_engine,True,110,mmlu_olmes,mmlu_jurisprudence:rc::olmes,mmlu_jurisprudence,4bb149c58cd53f521d90f628858862ab,acc_per_char,108,0.3611111111111111,36.11111111111111
nvfp4_proposed_settings,"Native NVFP4 no-RHT/all-linears ablation, effective D=1",nvfp4_transformer_engine_native,native_nvfp4_transformer_engine,True,111,mmlu_olmes,mmlu_logical_fallacies:rc::olmes,mmlu_logical_fallacies,d0506b820ec8299d87c27079f988edb9,acc_per_char,163,0.37423312883435583,37.423312883435585
nvfp4_proposed_settings,"Native NVFP4 no-RHT/all-linears ablation, effective D=1",nvfp4_transformer_engine_native,native_nvfp4_transformer_engine,True,112,mmlu_olmes,mmlu_machine_learning:rc::olmes,mmlu_machine_learning,d6289aec8cc57955804f5bdd7d78a0ab,acc_per_char,112,0.2767857142857143,27.67857142857143
nvfp4_proposed_settings,"Native NVFP4 no-RHT/all-linears ablation, effective D=1",nvfp4_transformer_engine_native,native_nvfp4_transformer_engine,True,113,mmlu_olmes,mmlu_management:rc::olmes,mmlu_management,5fdf48777d60532ea48c4228971ab9ce,acc_per_char,103,0.49514563106796117,49.51456310679612
nvfp4_proposed_settings,"Native NVFP4 no-RHT/all-linears ablation, effective D=1",nvfp4_transformer_engine_native,native_nvfp4_transformer_engine,True,114,mmlu_olmes,mmlu_marketing:rc::olmes,mmlu_marketing,ec59840b552e1b522ddcc91ebdd6bcdb,acc_per_char,234,0.49145299145299143,49.14529914529914
nvfp4_proposed_settings,"Native NVFP4 no-RHT/all-linears ablation, effective D=1",nvfp4_transformer_engine_native,native_nvfp4_transformer_engine,True,115,mmlu_olmes,mmlu_medical_genetics:rc::olmes,mmlu_medical_genetics,d21901ce2a60dd0484298f1929cd69e8,acc_per_char,100,0.43,43.0
nvfp4_proposed_settings,"Native NVFP4 no-RHT/all-linears ablation, effective D=1",nvfp4_transformer_engine_native,native_nvfp4_transformer_engine,True,116,mmlu_olmes,mmlu_miscellaneous:rc::olmes,mmlu_miscellaneous,53ccadb71923b35e1dfa8d894e2e3fc4,acc_per_char,783,0.5632183908045977,56.32183908045977
nvfp4_proposed_settings,"Native NVFP4 no-RHT/all-linears ablation, effective D=1",nvfp4_transformer_engine_native,native_nvfp4_transformer_engine,True,117,mmlu_olmes,mmlu_moral_disputes:rc::olmes,mmlu_moral_disputes,819a39344d1c377340e72e649cabebe9,acc_per_char,346,0.2976878612716763,29.76878612716763
nvfp4_proposed_settings,"Native NVFP4 no-RHT/all-linears ablation, effective D=1",nvfp4_transformer_engine_native,native_nvfp4_transformer_engine,True,118,mmlu_olmes,mmlu_moral_scenarios:rc::olmes,mmlu_moral_scenarios,cc409292717ac8649a1cd0cd7dc9fc73,acc_per_char,895,0.23910614525139665,23.910614525139664
nvfp4_proposed_settings,"Native NVFP4 no-RHT/all-linears ablation, effective D=1",nvfp4_transformer_engine_native,native_nvfp4_transformer_engine,True,119,mmlu_olmes,mmlu_nutrition:rc::olmes,mmlu_nutrition,61f9d819256c12d6bc8d289c7483b9c3,acc_per_char,306,0.33986928104575165,33.98692810457516
nvfp4_proposed_settings,"Native NVFP4 no-RHT/all-linears ablation, effective D=1",nvfp4_transformer_engine_native,native_nvfp4_transformer_engine,True,120,mmlu_olmes,mmlu_philosophy:rc::olmes,mmlu_philosophy,7b23cc5f2ff6984858f9f5ba128b8216,acc_per_char,311,0.3633440514469453,36.33440514469453
nvfp4_proposed_settings,"Native NVFP4 no-RHT/all-linears ablation, effective D=1",nvfp4_transformer_engine_native,native_nvfp4_transformer_engine,True,121,mmlu_olmes,mmlu_prehistory:rc::olmes,mmlu_prehistory,48fd13dbcd0c721b8d69339ee8209f97,acc_per_char,324,0.35185185185185186,35.18518518518518
nvfp4_proposed_settings,"Native NVFP4 no-RHT/all-linears ablation, effective D=1",nvfp4_transformer_engine_native,native_nvfp4_transformer_engine,True,122,mmlu_olmes,mmlu_professional_accounting:rc::olmes,mmlu_professional_accounting,57a5dba0840cc14c94ed31f79dee4ac7,acc_per_char,282,0.25177304964539005,25.177304964539005
nvfp4_proposed_settings,"Native NVFP4 no-RHT/all-linears ablation, effective D=1",nvfp4_transformer_engine_native,native_nvfp4_transformer_engine,True,123,mmlu_olmes,mmlu_professional_law:rc::olmes,mmlu_professional_law,56030e99119525ae79b8abf107affc40,acc_per_char,1534,0.27444589308996087,27.444589308996086
nvfp4_proposed_settings,"Native NVFP4 no-RHT/all-linears ablation, effective D=1",nvfp4_transformer_engine_native,native_nvfp4_transformer_engine,True,124,mmlu_olmes,mmlu_professional_medicine:rc::olmes,mmlu_professional_medicine,2b0232ca5abb81ded631049ad557a96e,acc_per_char,272,0.3382352941176471,33.82352941176471
nvfp4_proposed_settings,"Native NVFP4 no-RHT/all-linears ablation, effective D=1",nvfp4_transformer_engine_native,native_nvfp4_transformer_engine,True,125,mmlu_olmes,mmlu_professional_psychology:rc::olmes,mmlu_professional_psychology,77f07f47e032860fc6442c27cde81ac5,acc_per_char,612,0.3349673202614379,33.49673202614379
nvfp4_proposed_settings,"Native NVFP4 no-RHT/all-linears ablation, effective D=1",nvfp4_transformer_engine_native,native_nvfp4_transformer_engine,True,126,mmlu_olmes,mmlu_public_relations:rc::olmes,mmlu_public_relations,b3d8e8d8619b36ec8f35ac6eedd1d242,acc_per_char,110,0.3,30.0
nvfp4_proposed_settings,"Native NVFP4 no-RHT/all-linears ablation, effective D=1",nvfp4_transformer_engine_native,native_nvfp4_transformer_engine,True,127,mmlu_olmes,mmlu_security_studies:rc::olmes,mmlu_security_studies,a7d55a48b6fa8697683abd6458dd2310,acc_per_char,245,0.24897959183673468,24.897959183673468
nvfp4_proposed_settings,"Native NVFP4 no-RHT/all-linears ablation, effective D=1",nvfp4_transformer_engine_native,native_nvfp4_transformer_engine,True,128,mmlu_olmes,mmlu_sociology:rc::olmes,mmlu_sociology,b30a972cad094aa6687f34495f4f5d9d,acc_per_char,201,0.3333333333333333,33.33333333333333
nvfp4_proposed_settings,"Native NVFP4 no-RHT/all-linears ablation, effective D=1",nvfp4_transformer_engine_native,native_nvfp4_transformer_engine,True,129,mmlu_olmes,mmlu_us_foreign_policy:rc::olmes,mmlu_us_foreign_policy,14c587e70a64652d43ccb2972a2ee520,acc_per_char,100,0.33,33.0
nvfp4_proposed_settings,"Native NVFP4 no-RHT/all-linears ablation, effective D=1",nvfp4_transformer_engine_native,native_nvfp4_transformer_engine,True,130,mmlu_olmes,mmlu_virology:rc::olmes,mmlu_virology,de01c561afecb3cde13432a3ccf073b6,acc_per_char,166,0.2891566265060241,28.915662650602407
nvfp4_proposed_settings,"Native NVFP4 no-RHT/all-linears ablation, effective D=1",nvfp4_transformer_engine_native,native_nvfp4_transformer_engine,True,131,mmlu_olmes,mmlu_world_religions:rc::olmes,mmlu_world_religions,fa1acd404b2bda70e3664747e3c3db22,acc_per_char,171,0.5380116959064327,53.80116959064327
nvfp4_proposed_settings,"Native NVFP4 no-RHT/all-linears ablation, effective D=1",nvfp4_transformer_engine_native,native_nvfp4_transformer_engine,True,132,mmlu_pro_mc,mmlu_pro_math:mc::none,mmlu_pro_math,2f02776911c1a63e3bf3c96fbeeeccff,acc_raw,1351,0.10658771280532939,10.658771280532939
nvfp4_proposed_settings,"Native NVFP4 no-RHT/all-linears ablation, effective D=1",nvfp4_transformer_engine_native,native_nvfp4_transformer_engine,True,133,mmlu_pro_mc,mmlu_pro_health:mc::none,mmlu_pro_health,b12866ee79da1af676f9ef6d2cc6a223,acc_raw,818,0.12102689486552567,12.102689486552567
nvfp4_proposed_settings,"Native NVFP4 no-RHT/all-linears ablation, effective D=1",nvfp4_transformer_engine_native,native_nvfp4_transformer_engine,True,134,mmlu_pro_mc,mmlu_pro_physics:mc::none,mmlu_pro_physics,afe121df881d1e4e6ed6086e76d3e22a,acc_raw,1299,0.1147036181678214,11.470361816782141
nvfp4_proposed_settings,"Native NVFP4 no-RHT/all-linears ablation, effective D=1",nvfp4_transformer_engine_native,native_nvfp4_transformer_engine,True,135,mmlu_pro_mc,mmlu_pro_business:mc::none,mmlu_pro_business,8bcb1367c4dde160afbaf772d2920c42,acc_raw,789,0.09759188846641319,9.759188846641319
nvfp4_proposed_settings,"Native NVFP4 no-RHT/all-linears ablation, effective D=1",nvfp4_transformer_engine_native,native_nvfp4_transformer_engine,True,136,mmlu_pro_mc,mmlu_pro_biology:mc::none,mmlu_pro_biology,04a6eab9701cdeacd44a1ce81b45c5e6,acc_raw,717,0.1101813110181311,11.01813110181311
nvfp4_proposed_settings,"Native NVFP4 no-RHT/all-linears ablation, effective D=1",nvfp4_transformer_engine_native,native_nvfp4_transformer_engine,True,137,mmlu_pro_mc,mmlu_pro_chemistry:mc::none,mmlu_pro_chemistry,7e12262fe7a703eb0b277aba4d3522e3,acc_raw,1132,0.11219081272084806,11.219081272084805
nvfp4_proposed_settings,"Native NVFP4 no-RHT/all-linears ablation, effective D=1",nvfp4_transformer_engine_native,native_nvfp4_transformer_engine,True,138,mmlu_pro_mc,mmlu_pro_computer science:mc::none,mmlu_pro_computer science,2b87f63e753ec559787205262fa3cfd6,acc_raw,410,0.11463414634146342,11.463414634146343
nvfp4_proposed_settings,"Native NVFP4 no-RHT/all-linears ablation, effective D=1",nvfp4_transformer_engine_native,native_nvfp4_transformer_engine,True,139,mmlu_pro_mc,mmlu_pro_economics:mc::none,mmlu_pro_economics,1f244c402cf1d30b526aeb45853fcd6d,acc_raw,844,0.12085308056872038,12.085308056872037
nvfp4_proposed_settings,"Native NVFP4 no-RHT/all-linears ablation, effective D=1",nvfp4_transformer_engine_native,native_nvfp4_transformer_engine,True,140,mmlu_pro_mc,mmlu_pro_engineering:mc::none,mmlu_pro_engineering,54bbb809be7d6561080cd2de064b5ae0,acc_raw,969,0.11248710010319918,11.248710010319918
nvfp4_proposed_settings,"Native NVFP4 no-RHT/all-linears ablation, effective D=1",nvfp4_transformer_engine_native,native_nvfp4_transformer_engine,True,141,mmlu_pro_mc,mmlu_pro_philosophy:mc::none,mmlu_pro_philosophy,5b7c6ac776a56489682222be6f541625,acc_raw,499,0.13627254509018036,13.627254509018035
nvfp4_proposed_settings,"Native NVFP4 no-RHT/all-linears ablation, effective D=1",nvfp4_transformer_engine_native,native_nvfp4_transformer_engine,True,142,mmlu_pro_mc,mmlu_pro_other:mc::none,mmlu_pro_other,0b6ca1930bca1d0f42dc530297c7f613,acc_raw,924,0.10606060606060606,10.606060606060606
nvfp4_proposed_settings,"Native NVFP4 no-RHT/all-linears ablation, effective D=1",nvfp4_transformer_engine_native,native_nvfp4_transformer_engine,True,143,mmlu_pro_mc,mmlu_pro_history:mc::none,mmlu_pro_history,12ff9c5cffacabb6082bd196f004bdc7,acc_raw,381,0.14173228346456693,14.173228346456693
nvfp4_proposed_settings,"Native NVFP4 no-RHT/all-linears ablation, effective D=1",nvfp4_transformer_engine_native,native_nvfp4_transformer_engine,True,144,mmlu_pro_mc,mmlu_pro_psychology:mc::none,mmlu_pro_psychology,6b377ac052d6e9c0346a30a4c109d290,acc_raw,798,0.10150375939849623,10.150375939849624
nvfp4_proposed_settings,"Native NVFP4 no-RHT/all-linears ablation, effective D=1",nvfp4_transformer_engine_native,native_nvfp4_transformer_engine,True,145,mmlu_pro_mc,mmlu_pro_law:mc::none,mmlu_pro_law,7e5b61df22d557ef28caee941b91aa69,acc_raw,1101,0.11262488646684832,11.262488646684831
ue5m3_te_recipe,"UE5M3 FP4 with Transformer Engine settings, current-tensor D=1",fp4_current_tensor_d1,quantized_ue5m3_fp4,True,0,core_9mcqa_olmes,arc_easy:mc::olmes,arc_easy:mc,c8c246d1822e8ad46441536ef5c4f4f3,acc_raw,1000,0.237,23.7
ue5m3_te_recipe,"UE5M3 FP4 with Transformer Engine settings, current-tensor D=1",fp4_current_tensor_d1,quantized_ue5m3_fp4,True,1,core_9mcqa_olmes,arc_easy:rc::olmes,arc_easy,53bd6ac04aafb5f2d1c5ab836325f27e,acc_per_char,1000,0.741,74.1
ue5m3_te_recipe,"UE5M3 FP4 with Transformer Engine settings, current-tensor D=1",fp4_current_tensor_d1,quantized_ue5m3_fp4,True,2,core_9mcqa_olmes,arc_challenge:mc::olmes,arc_challenge:mc,903ed260afcf0caaf0450b55e69ddf3a,acc_raw,1172,0.22525597269624573,22.525597269624573
ue5m3_te_recipe,"UE5M3 FP4 with Transformer Engine settings, current-tensor D=1",fp4_current_tensor_d1,quantized_ue5m3_fp4,True,3,core_9mcqa_olmes,arc_challenge:rc::olmes,arc_challenge,cac12ad4468d93ad9fc41cb9599795c6,acc_uncond,1172,0.4778156996587031,47.781569965870304
ue5m3_te_recipe,"UE5M3 FP4 with Transformer Engine settings, current-tensor D=1",fp4_current_tensor_d1,quantized_ue5m3_fp4,True,4,core_9mcqa_olmes,boolq:mc::olmes,boolq:mc,315dba082fe52a6058cdc5b806550ce4,acc_raw,1000,0.615,61.5
ue5m3_te_recipe,"UE5M3 FP4 with Transformer Engine settings, current-tensor D=1",fp4_current_tensor_d1,quantized_ue5m3_fp4,True,5,core_9mcqa_olmes,boolq:rc::olmes,boolq,0bfbc3015e70e6dfba1f6b9b266334ba,acc_raw,1000,0.684,68.4
ue5m3_te_recipe,"UE5M3 FP4 with Transformer Engine settings, current-tensor D=1",fp4_current_tensor_d1,quantized_ue5m3_fp4,True,6,core_9mcqa_olmes,csqa:mc::olmes,csqa:mc,d0de18d67d31994a2b5e2d2e87918a36,acc_raw,1221,0.20065520065520065,20.065520065520065
ue5m3_te_recipe,"UE5M3 FP4 with Transformer Engine settings, current-tensor D=1",fp4_current_tensor_d1,quantized_ue5m3_fp4,True,7,core_9mcqa_olmes,csqa:rc::olmes,csqa,095f3f94d29c4f17ff7005f7252ba051,acc_uncond,1221,0.683046683046683,68.3046683046683
ue5m3_te_recipe,"UE5M3 FP4 with Transformer Engine settings, current-tensor D=1",fp4_current_tensor_d1,quantized_ue5m3_fp4,True,8,core_9mcqa_olmes,hellaswag:mc::olmes,hellaswag:mc,58011dd35e359a4de96cd11745a16895,acc_raw,1000,0.24,24.0
ue5m3_te_recipe,"UE5M3 FP4 with Transformer Engine settings, current-tensor D=1",fp4_current_tensor_d1,quantized_ue5m3_fp4,True,9,core_9mcqa_olmes,hellaswag:rc::olmes,hellaswag,126122195b41bf14d9091a9cdd414690,acc_per_char,1000,0.718,71.8
ue5m3_te_recipe,"UE5M3 FP4 with Transformer Engine settings, current-tensor D=1",fp4_current_tensor_d1,quantized_ue5m3_fp4,True,10,core_9mcqa_olmes,openbookqa:mc::olmes,openbookqa:mc,17ee8b464c2aae92e093fb7096684165,acc_raw,500,0.224,22.400000000000002
ue5m3_te_recipe,"UE5M3 FP4 with Transformer Engine settings, current-tensor D=1",fp4_current_tensor_d1,quantized_ue5m3_fp4,True,11,core_9mcqa_olmes,openbookqa:rc::olmes,openbookqa,8c852627a335c1a263d4bbc6deea2be0,acc_uncond,500,0.556,55.60000000000001
ue5m3_te_recipe,"UE5M3 FP4 with Transformer Engine settings, current-tensor D=1",fp4_current_tensor_d1,quantized_ue5m3_fp4,True,12,core_9mcqa_olmes,piqa:mc::olmes,piqa:mc,f4cc9f661d585e160a1d8eb867cd040c,acc_raw,1000,0.53,53.0
ue5m3_te_recipe,"UE5M3 FP4 with Transformer Engine settings, current-tensor D=1",fp4_current_tensor_d1,quantized_ue5m3_fp4,True,13,core_9mcqa_olmes,piqa:rc::olmes,piqa,f63d922029758d577fcc9dba83c9de5c,acc_per_char,1000,0.761,76.1
ue5m3_te_recipe,"UE5M3 FP4 with Transformer Engine settings, current-tensor D=1",fp4_current_tensor_d1,quantized_ue5m3_fp4,True,14,core_9mcqa_olmes,socialiqa:mc::olmes,socialiqa:mc,1f8ad25448306986fa263f77e5966e9e,acc_raw,1000,0.339,33.900000000000006
ue5m3_te_recipe,"UE5M3 FP4 with Transformer Engine settings, current-tensor D=1",fp4_current_tensor_d1,quantized_ue5m3_fp4,True,15,core_9mcqa_olmes,socialiqa:rc::olmes,socialiqa,18e6bcddd3ce25d04e57dc2b321f78c7,acc_per_char,1000,0.553,55.300000000000004
ue5m3_te_recipe,"UE5M3 FP4 with Transformer Engine settings, current-tensor D=1",fp4_current_tensor_d1,quantized_ue5m3_fp4,True,16,core_9mcqa_olmes,winogrande:mc::olmes,winogrande:mc,dadb31c80b5be4914ed051cd8660191e,acc_raw,1267,0.494869771112865,49.4869771112865
ue5m3_te_recipe,"UE5M3 FP4 with Transformer Engine settings, current-tensor D=1",fp4_current_tensor_d1,quantized_ue5m3_fp4,True,17,core_9mcqa_olmes,winogrande:rc::olmes,winogrande,9b11ef7f437e610eba48f6d273ed6886,acc_raw,1267,0.6250986582478295,62.50986582478295
ue5m3_te_recipe,"UE5M3 FP4 with Transformer Engine settings, current-tensor D=1",fp4_current_tensor_d1,quantized_ue5m3_fp4,True,18,mmlu_olmes,mmlu_abstract_algebra:mc::olmes,mmlu_abstract_algebra:mc,77b926c73e62bfb451729f8369068e7d,acc_raw,100,0.19,19.0
ue5m3_te_recipe,"UE5M3 FP4 with Transformer Engine settings, current-tensor D=1",fp4_current_tensor_d1,quantized_ue5m3_fp4,True,19,mmlu_olmes,mmlu_anatomy:mc::olmes,mmlu_anatomy:mc,3df98cd8b30afac6feb32f0d0c15395a,acc_raw,135,0.22962962962962963,22.962962962962962
ue5m3_te_recipe,"UE5M3 FP4 with Transformer Engine settings, current-tensor D=1",fp4_current_tensor_d1,quantized_ue5m3_fp4,True,20,mmlu_olmes,mmlu_astronomy:mc::olmes,mmlu_astronomy:mc,4c69c754b323e0755cb7939b84f228ed,acc_raw,152,0.23684210526315788,23.684210526315788
ue5m3_te_recipe,"UE5M3 FP4 with Transformer Engine settings, current-tensor D=1",fp4_current_tensor_d1,quantized_ue5m3_fp4,True,21,mmlu_olmes,mmlu_business_ethics:mc::olmes,mmlu_business_ethics:mc,87137b826dda58e8ffb978e165f39584,acc_raw,100,0.3,30.0
ue5m3_te_recipe,"UE5M3 FP4 with Transformer Engine settings, current-tensor D=1",fp4_current_tensor_d1,quantized_ue5m3_fp4,True,22,mmlu_olmes,mmlu_clinical_knowledge:mc::olmes,mmlu_clinical_knowledge:mc,9d6878a0e485f563ac271370eaedecca,acc_raw,265,0.22264150943396227,22.264150943396228
ue5m3_te_recipe,"UE5M3 FP4 with Transformer Engine settings, current-tensor D=1",fp4_current_tensor_d1,quantized_ue5m3_fp4,True,23,mmlu_olmes,mmlu_college_biology:mc::olmes,mmlu_college_biology:mc,8096d725e82f92b942ae20c48c82f083,acc_raw,144,0.2152777777777778,21.52777777777778
ue5m3_te_recipe,"UE5M3 FP4 with Transformer Engine settings, current-tensor D=1",fp4_current_tensor_d1,quantized_ue5m3_fp4,True,24,mmlu_olmes,mmlu_college_chemistry:mc::olmes,mmlu_college_chemistry:mc,c81eb9c78ac300cca76358582a1c739b,acc_raw,100,0.23,23.0
ue5m3_te_recipe,"UE5M3 FP4 with Transformer Engine settings, current-tensor D=1",fp4_current_tensor_d1,quantized_ue5m3_fp4,True,25,mmlu_olmes,mmlu_college_computer_science:mc::olmes,mmlu_college_computer_science:mc,62b92a5477c84fcf987c1798a4ac6144,acc_raw,100,0.27,27.0
ue5m3_te_recipe,"UE5M3 FP4 with Transformer Engine settings, current-tensor D=1",fp4_current_tensor_d1,quantized_ue5m3_fp4,True,26,mmlu_olmes,mmlu_college_mathematics:mc::olmes,mmlu_college_mathematics:mc,58356a19598345fb1941515d0d9cb55a,acc_raw,100,0.25,25.0
ue5m3_te_recipe,"UE5M3 FP4 with Transformer Engine settings, current-tensor D=1",fp4_current_tensor_d1,quantized_ue5m3_fp4,True,27,mmlu_olmes,mmlu_college_medicine:mc::olmes,mmlu_college_medicine:mc,42a584dc3ed8ae2ce00c9027c5f13764,acc_raw,173,0.2254335260115607,22.54335260115607
ue5m3_te_recipe,"UE5M3 FP4 with Transformer Engine settings, current-tensor D=1",fp4_current_tensor_d1,quantized_ue5m3_fp4,True,28,mmlu_olmes,mmlu_college_physics:mc::olmes,mmlu_college_physics:mc,f88df4ad824e68680862d00e429c26a7,acc_raw,102,0.21568627450980393,21.568627450980394
ue5m3_te_recipe,"UE5M3 FP4 with Transformer Engine settings, current-tensor D=1",fp4_current_tensor_d1,quantized_ue5m3_fp4,True,29,mmlu_olmes,mmlu_computer_security:mc::olmes,mmlu_computer_security:mc,274890b9e6abfcbe5e049394bec76a11,acc_raw,100,0.18,18.0
ue5m3_te_recipe,"UE5M3 FP4 with Transformer Engine settings, current-tensor D=1",fp4_current_tensor_d1,quantized_ue5m3_fp4,True,30,mmlu_olmes,mmlu_conceptual_physics:mc::olmes,mmlu_conceptual_physics:mc,6519f132a34e21233a8f9f0333f4e555,acc_raw,235,0.2553191489361702,25.53191489361702
ue5m3_te_recipe,"UE5M3 FP4 with Transformer Engine settings, current-tensor D=1",fp4_current_tensor_d1,quantized_ue5m3_fp4,True,31,mmlu_olmes,mmlu_econometrics:mc::olmes,mmlu_econometrics:mc,91203daf877dfbefa7095516334a1e98,acc_raw,114,0.24561403508771928,24.561403508771928
ue5m3_te_recipe,"UE5M3 FP4 with Transformer Engine settings, current-tensor D=1",fp4_current_tensor_d1,quantized_ue5m3_fp4,True,32,mmlu_olmes,mmlu_electrical_engineering:mc::olmes,mmlu_electrical_engineering:mc,de26b9c8d62e22f56e8a4d55889a44e3,acc_raw,145,0.19310344827586207,19.310344827586206
ue5m3_te_recipe,"UE5M3 FP4 with Transformer Engine settings, current-tensor D=1",fp4_current_tensor_d1,quantized_ue5m3_fp4,True,33,mmlu_olmes,mmlu_elementary_mathematics:mc::olmes,mmlu_elementary_mathematics:mc,2fd2518cf837baede6f2f5ba45bb6f96,acc_raw,378,0.2222222222222222,22.22222222222222
ue5m3_te_recipe,"UE5M3 FP4 with Transformer Engine settings, current-tensor D=1",fp4_current_tensor_d1,quantized_ue5m3_fp4,True,34,mmlu_olmes,mmlu_formal_logic:mc::olmes,mmlu_formal_logic:mc,576d739646e3de210be990be680fc79a,acc_raw,126,0.23015873015873015,23.015873015873016
ue5m3_te_recipe,"UE5M3 FP4 with Transformer Engine settings, current-tensor D=1",fp4_current_tensor_d1,quantized_ue5m3_fp4,True,35,mmlu_olmes,mmlu_global_facts:mc::olmes,mmlu_global_facts:mc,abe93df0daabe114b8f58bc0403370e9,acc_raw,100,0.33,33.0
ue5m3_te_recipe,"UE5M3 FP4 with Transformer Engine settings, current-tensor D=1",fp4_current_tensor_d1,quantized_ue5m3_fp4,True,36,mmlu_olmes,mmlu_high_school_biology:mc::olmes,mmlu_high_school_biology:mc,85b9c284bdb7766f8302f5f68ea6d5ea,acc_raw,310,0.25483870967741934,25.483870967741932
ue5m3_te_recipe,"UE5M3 FP4 with Transformer Engine settings, current-tensor D=1",fp4_current_tensor_d1,quantized_ue5m3_fp4,True,37,mmlu_olmes,mmlu_high_school_chemistry:mc::olmes,mmlu_high_school_chemistry:mc,5827c892e23b58ef2e73b1fff7d82785,acc_raw,203,0.2019704433497537,20.19704433497537
ue5m3_te_recipe,"UE5M3 FP4 with Transformer Engine settings, current-tensor D=1",fp4_current_tensor_d1,quantized_ue5m3_fp4,True,38,mmlu_olmes,mmlu_high_school_computer_science:mc::olmes,mmlu_high_school_computer_science:mc,6d75fa6123dd1ed66ba94585a8b2bf39,acc_raw,100,0.27,27.0
ue5m3_te_recipe,"UE5M3 FP4 with Transformer Engine settings, current-tensor D=1",fp4_current_tensor_d1,quantized_ue5m3_fp4,True,39,mmlu_olmes,mmlu_high_school_european_history:mc::olmes,mmlu_high_school_european_history:mc,549d578255eaa95f7f38eda146cc6a6f,acc_raw,165,0.2787878787878788,27.878787878787882
ue5m3_te_recipe,"UE5M3 FP4 with Transformer Engine settings, current-tensor D=1",fp4_current_tensor_d1,quantized_ue5m3_fp4,True,40,mmlu_olmes,mmlu_high_school_geography:mc::olmes,mmlu_high_school_geography:mc,dc8a2714268b6839e30e7e5079b64427,acc_raw,198,0.20707070707070707,20.707070707070706
ue5m3_te_recipe,"UE5M3 FP4 with Transformer Engine settings, current-tensor D=1",fp4_current_tensor_d1,quantized_ue5m3_fp4,True,41,mmlu_olmes,mmlu_high_school_government_and_politics:mc::olmes,mmlu_high_school_government_and_politics:mc,8a37fcf03946fe1bc4a34806f2cb5dce,acc_raw,193,0.27979274611398963,27.979274611398964
ue5m3_te_recipe,"UE5M3 FP4 with Transformer Engine settings, current-tensor D=1",fp4_current_tensor_d1,quantized_ue5m3_fp4,True,42,mmlu_olmes,mmlu_high_school_macroeconomics:mc::olmes,mmlu_high_school_macroeconomics:mc,ccb44607c3c6469cd5fd9989bfcf2c41,acc_raw,390,0.3153846153846154,31.538461538461537
ue5m3_te_recipe,"UE5M3 FP4 with Transformer Engine settings, current-tensor D=1",fp4_current_tensor_d1,quantized_ue5m3_fp4,True,43,mmlu_olmes,mmlu_high_school_mathematics:mc::olmes,mmlu_high_school_mathematics:mc,75eb1cfdca9c6c512d2654d308f8f680,acc_raw,270,0.23333333333333334,23.333333333333332
ue5m3_te_recipe,"UE5M3 FP4 with Transformer Engine settings, current-tensor D=1",fp4_current_tensor_d1,quantized_ue5m3_fp4,True,44,mmlu_olmes,mmlu_high_school_microeconomics:mc::olmes,mmlu_high_school_microeconomics:mc,416b805a359dbae1c968cd7473076e01,acc_raw,238,0.25630252100840334,25.630252100840334
ue5m3_te_recipe,"UE5M3 FP4 with Transformer Engine settings, current-tensor D=1",fp4_current_tensor_d1,quantized_ue5m3_fp4,True,45,mmlu_olmes,mmlu_high_school_physics:mc::olmes,mmlu_high_school_physics:mc,10e66780e9dca3f32aba1ccf99269a3a,acc_raw,151,0.2847682119205298,28.47682119205298
ue5m3_te_recipe,"UE5M3 FP4 with Transformer Engine settings, current-tensor D=1",fp4_current_tensor_d1,quantized_ue5m3_fp4,True,46,mmlu_olmes,mmlu_high_school_psychology:mc::olmes,mmlu_high_school_psychology:mc,99447030d2ce6ef8805646c1c34fcee4,acc_raw,545,0.24036697247706423,24.036697247706424
ue5m3_te_recipe,"UE5M3 FP4 with Transformer Engine settings, current-tensor D=1",fp4_current_tensor_d1,quantized_ue5m3_fp4,True,47,mmlu_olmes,mmlu_high_school_statistics:mc::olmes,mmlu_high_school_statistics:mc,c020e14507911b6f3d966cfaad4534f1,acc_raw,216,0.4583333333333333,45.83333333333333
ue5m3_te_recipe,"UE5M3 FP4 with Transformer Engine settings, current-tensor D=1",fp4_current_tensor_d1,quantized_ue5m3_fp4,True,48,mmlu_olmes,mmlu_high_school_us_history:mc::olmes,mmlu_high_school_us_history:mc,39a904d96d65a2dfbd0510fcea9880d7,acc_raw,204,0.2107843137254902,21.07843137254902
ue5m3_te_recipe,"UE5M3 FP4 with Transformer Engine settings, current-tensor D=1",fp4_current_tensor_d1,quantized_ue5m3_fp4,True,49,mmlu_olmes,mmlu_high_school_world_history:mc::olmes,mmlu_high_school_world_history:mc,768c5cdb11af17a3440943d9e0b580dd,acc_raw,237,0.25316455696202533,25.31645569620253
ue5m3_te_recipe,"UE5M3 FP4 with Transformer Engine settings, current-tensor D=1",fp4_current_tensor_d1,quantized_ue5m3_fp4,True,50,mmlu_olmes,mmlu_human_aging:mc::olmes,mmlu_human_aging:mc,93f0df9c8b68127692f1593f33d8a3ef,acc_raw,223,0.3542600896860987,35.42600896860987
ue5m3_te_recipe,"UE5M3 FP4 with Transformer Engine settings, current-tensor D=1",fp4_current_tensor_d1,quantized_ue5m3_fp4,True,51,mmlu_olmes,mmlu_human_sexuality:mc::olmes,mmlu_human_sexuality:mc,a62edc21ec6f517a598a5dda52e84b43,acc_raw,131,0.25190839694656486,25.190839694656486
ue5m3_te_recipe,"UE5M3 FP4 with Transformer Engine settings, current-tensor D=1",fp4_current_tensor_d1,quantized_ue5m3_fp4,True,52,mmlu_olmes,mmlu_international_law:mc::olmes,mmlu_international_law:mc,787374b70fc6053820673a14463d3eef,acc_raw,121,0.2396694214876033,23.96694214876033
ue5m3_te_recipe,"UE5M3 FP4 with Transformer Engine settings, current-tensor D=1",fp4_current_tensor_d1,quantized_ue5m3_fp4,True,53,mmlu_olmes,mmlu_jurisprudence:mc::olmes,mmlu_jurisprudence:mc,62a7a1734abbc37dafe8313b6291d817,acc_raw,108,0.2962962962962963,29.629629629629626
ue5m3_te_recipe,"UE5M3 FP4 with Transformer Engine settings, current-tensor D=1",fp4_current_tensor_d1,quantized_ue5m3_fp4,True,54,mmlu_olmes,mmlu_logical_fallacies:mc::olmes,mmlu_logical_fallacies:mc,a020032fa288c2fac6168a824df57170,acc_raw,163,0.18404907975460122,18.404907975460123
ue5m3_te_recipe,"UE5M3 FP4 with Transformer Engine settings, current-tensor D=1",fp4_current_tensor_d1,quantized_ue5m3_fp4,True,55,mmlu_olmes,mmlu_machine_learning:mc::olmes,mmlu_machine_learning:mc,e3d4f22b97438517e698917faccba7da,acc_raw,112,0.23214285714285715,23.214285714285715
ue5m3_te_recipe,"UE5M3 FP4 with Transformer Engine settings, current-tensor D=1",fp4_current_tensor_d1,quantized_ue5m3_fp4,True,56,mmlu_olmes,mmlu_management:mc::olmes,mmlu_management:mc,04b6414e648a7a3ba8402771facebd9e,acc_raw,103,0.2815533980582524,28.155339805825243
ue5m3_te_recipe,"UE5M3 FP4 with Transformer Engine settings, current-tensor D=1",fp4_current_tensor_d1,quantized_ue5m3_fp4,True,57,mmlu_olmes,mmlu_marketing:mc::olmes,mmlu_marketing:mc,8e73bf0fb469a9eddfa7a8f258d99873,acc_raw,234,0.2905982905982906,29.059829059829063
ue5m3_te_recipe,"UE5M3 FP4 with Transformer Engine settings, current-tensor D=1",fp4_current_tensor_d1,quantized_ue5m3_fp4,True,58,mmlu_olmes,mmlu_medical_genetics:mc::olmes,mmlu_medical_genetics:mc,bc9af3a22284b0a0d08e2c6a1f378d22,acc_raw,100,0.27,27.0
ue5m3_te_recipe,"UE5M3 FP4 with Transformer Engine settings, current-tensor D=1",fp4_current_tensor_d1,quantized_ue5m3_fp4,True,59,mmlu_olmes,mmlu_miscellaneous:mc::olmes,mmlu_miscellaneous:mc,46b4ac7975c87092b13c0cf2ce85a4d1,acc_raw,783,0.2771392081736909,27.713920817369093
ue5m3_te_recipe,"UE5M3 FP4 with Transformer Engine settings, current-tensor D=1",fp4_current_tensor_d1,quantized_ue5m3_fp4,True,60,mmlu_olmes,mmlu_moral_disputes:mc::olmes,mmlu_moral_disputes:mc,0664fc5034aba7df0fe1df2d1a217e88,acc_raw,346,0.25722543352601157,25.722543352601157
ue5m3_te_recipe,"UE5M3 FP4 with Transformer Engine settings, current-tensor D=1",fp4_current_tensor_d1,quantized_ue5m3_fp4,True,61,mmlu_olmes,mmlu_moral_scenarios:mc::olmes,mmlu_moral_scenarios:mc,a2396dc8f3cdb9c9dd5e98fd351e9198,acc_raw,895,0.24804469273743016,24.804469273743017
ue5m3_te_recipe,"UE5M3 FP4 with Transformer Engine settings, current-tensor D=1",fp4_current_tensor_d1,quantized_ue5m3_fp4,True,62,mmlu_olmes,mmlu_nutrition:mc::olmes,mmlu_nutrition:mc,8b190e2f404b28ca0cd715094e5386b1,acc_raw,306,0.2581699346405229,25.816993464052292
ue5m3_te_recipe,"UE5M3 FP4 with Transformer Engine settings, current-tensor D=1",fp4_current_tensor_d1,quantized_ue5m3_fp4,True,63,mmlu_olmes,mmlu_philosophy:mc::olmes,mmlu_philosophy:mc,9b517eefa6d090b0622fc18650d70617,acc_raw,311,0.3086816720257235,30.86816720257235
ue5m3_te_recipe,"UE5M3 FP4 with Transformer Engine settings, current-tensor D=1",fp4_current_tensor_d1,quantized_ue5m3_fp4,True,64,mmlu_olmes,mmlu_prehistory:mc::olmes,mmlu_prehistory:mc,fcfa15d6031340a724aaa21ae383922e,acc_raw,324,0.3148148148148148,31.48148148148148
ue5m3_te_recipe,"UE5M3 FP4 with Transformer Engine settings, current-tensor D=1",fp4_current_tensor_d1,quantized_ue5m3_fp4,True,65,mmlu_olmes,mmlu_professional_accounting:mc::olmes,mmlu_professional_accounting:mc,233710033ac6f9a2c339a08d7344c9d0,acc_raw,282,0.24113475177304963,24.113475177304963
ue5m3_te_recipe,"UE5M3 FP4 with Transformer Engine settings, current-tensor D=1",fp4_current_tensor_d1,quantized_ue5m3_fp4,True,66,mmlu_olmes,mmlu_professional_law:mc::olmes,mmlu_professional_law:mc,df18d9512e07e1c6f633ee039a943e23,acc_raw,1534,0.23859191655801826,23.859191655801826
ue5m3_te_recipe,"UE5M3 FP4 with Transformer Engine settings, current-tensor D=1",fp4_current_tensor_d1,quantized_ue5m3_fp4,True,67,mmlu_olmes,mmlu_professional_medicine:mc::olmes,mmlu_professional_medicine:mc,1e3f139838d69169d5a80ebb58be505a,acc_raw,272,0.44485294117647056,44.48529411764706
ue5m3_te_recipe,"UE5M3 FP4 with Transformer Engine settings, current-tensor D=1",fp4_current_tensor_d1,quantized_ue5m3_fp4,True,68,mmlu_olmes,mmlu_professional_psychology:mc::olmes,mmlu_professional_psychology:mc,ee984454c2b6c8ce9d942162f4563c66,acc_raw,612,0.2369281045751634,23.692810457516337
ue5m3_te_recipe,"UE5M3 FP4 with Transformer Engine settings, current-tensor D=1",fp4_current_tensor_d1,quantized_ue5m3_fp4,True,69,mmlu_olmes,mmlu_public_relations:mc::olmes,mmlu_public_relations:mc,8b1e2c5a479ea01b9bf00bbd37ac4cb1,acc_raw,110,0.2818181818181818,28.18181818181818
ue5m3_te_recipe,"UE5M3 FP4 with Transformer Engine settings, current-tensor D=1",fp4_current_tensor_d1,quantized_ue5m3_fp4,True,70,mmlu_olmes,mmlu_security_studies:mc::olmes,mmlu_security_studies:mc,f45a610fabc63b178d02b9705769e51a,acc_raw,245,0.3836734693877551,38.36734693877551
ue5m3_te_recipe,"UE5M3 FP4 with Transformer Engine settings, current-tensor D=1",fp4_current_tensor_d1,quantized_ue5m3_fp4,True,71,mmlu_olmes,mmlu_sociology:mc::olmes,mmlu_sociology:mc,ab7475a0c07ff6128f3c340e30a2c48d,acc_raw,201,0.26865671641791045,26.865671641791046
ue5m3_te_recipe,"UE5M3 FP4 with Transformer Engine settings, current-tensor D=1",fp4_current_tensor_d1,quantized_ue5m3_fp4,True,72,mmlu_olmes,mmlu_us_foreign_policy:mc::olmes,mmlu_us_foreign_policy:mc,e8aaa8bc89da8c987774b45a635a5874,acc_raw,100,0.25,25.0
ue5m3_te_recipe,"UE5M3 FP4 with Transformer Engine settings, current-tensor D=1",fp4_current_tensor_d1,quantized_ue5m3_fp4,True,73,mmlu_olmes,mmlu_virology:mc::olmes,mmlu_virology:mc,7b03eddd30aced0d2872e78119dce06c,acc_raw,166,0.3313253012048193,33.13253012048193
ue5m3_te_recipe,"UE5M3 FP4 with Transformer Engine settings, current-tensor D=1",fp4_current_tensor_d1,quantized_ue5m3_fp4,True,74,mmlu_olmes,mmlu_world_religions:mc::olmes,mmlu_world_religions:mc,2b77bb4249a09c916d061ae0d5b378bd,acc_raw,171,0.2982456140350877,29.82456140350877
ue5m3_te_recipe,"UE5M3 FP4 with Transformer Engine settings, current-tensor D=1",fp4_current_tensor_d1,quantized_ue5m3_fp4,True,75,mmlu_olmes,mmlu_abstract_algebra:rc::olmes,mmlu_abstract_algebra,15700d84a97667659182d75884f934cd,acc_per_char,100,0.27,27.0
ue5m3_te_recipe,"UE5M3 FP4 with Transformer Engine settings, current-tensor D=1",fp4_current_tensor_d1,quantized_ue5m3_fp4,True,76,mmlu_olmes,mmlu_anatomy:rc::olmes,mmlu_anatomy,0cdcee2423fbe040b1e5ff34b0af45e6,acc_per_char,135,0.42962962962962964,42.96296296296296
ue5m3_te_recipe,"UE5M3 FP4 with Transformer Engine settings, current-tensor D=1",fp4_current_tensor_d1,quantized_ue5m3_fp4,True,77,mmlu_olmes,mmlu_astronomy:rc::olmes,mmlu_astronomy,13d838006e583f18e99063d8b219a97b,acc_per_char,152,0.40789473684210525,40.78947368421053
ue5m3_te_recipe,"UE5M3 FP4 with Transformer Engine settings, current-tensor D=1",fp4_current_tensor_d1,quantized_ue5m3_fp4,True,78,mmlu_olmes,mmlu_business_ethics:rc::olmes,mmlu_business_ethics,715185b32494e985a6dee5becfcd82ac,acc_per_char,100,0.54,54.0
ue5m3_te_recipe,"UE5M3 FP4 with Transformer Engine settings, current-tensor D=1",fp4_current_tensor_d1,quantized_ue5m3_fp4,True,79,mmlu_olmes,mmlu_clinical_knowledge:rc::olmes,mmlu_clinical_knowledge,523c347f74ddd79f7fb2c15eee89d4e7,acc_per_char,265,0.4490566037735849,44.905660377358494
ue5m3_te_recipe,"UE5M3 FP4 with Transformer Engine settings, current-tensor D=1",fp4_current_tensor_d1,quantized_ue5m3_fp4,True,80,mmlu_olmes,mmlu_college_biology:rc::olmes,mmlu_college_biology,966e8cfd13dcf0edc71778a03a922090,acc_per_char,144,0.4236111111111111,42.36111111111111
ue5m3_te_recipe,"UE5M3 FP4 with Transformer Engine settings, current-tensor D=1",fp4_current_tensor_d1,quantized_ue5m3_fp4,True,81,mmlu_olmes,mmlu_college_chemistry:rc::olmes,mmlu_college_chemistry,70f725b1d196bca595c7b851cdcc6644,acc_per_char,100,0.29,28.999999999999996
ue5m3_te_recipe,"UE5M3 FP4 with Transformer Engine settings, current-tensor D=1",fp4_current_tensor_d1,quantized_ue5m3_fp4,True,82,mmlu_olmes,mmlu_college_computer_science:rc::olmes,mmlu_college_computer_science,eb1e7cea65f6797185cc87483e3f19fe,acc_per_char,100,0.34,34.0
ue5m3_te_recipe,"UE5M3 FP4 with Transformer Engine settings, current-tensor D=1",fp4_current_tensor_d1,quantized_ue5m3_fp4,True,83,mmlu_olmes,mmlu_college_mathematics:rc::olmes,mmlu_college_mathematics,18dd2cd649daf7a06132d51a6e17c35d,acc_per_char,100,0.2,20.0
ue5m3_te_recipe,"UE5M3 FP4 with Transformer Engine settings, current-tensor D=1",fp4_current_tensor_d1,quantized_ue5m3_fp4,True,84,mmlu_olmes,mmlu_college_medicine:rc::olmes,mmlu_college_medicine,d92b222841c28a98039763c60b61ee73,acc_per_char,173,0.36416184971098264,36.41618497109826
ue5m3_te_recipe,"UE5M3 FP4 with Transformer Engine settings, current-tensor D=1",fp4_current_tensor_d1,quantized_ue5m3_fp4,True,85,mmlu_olmes,mmlu_college_physics:rc::olmes,mmlu_college_physics,63cbfbf37f8fcf7fd03052712d5b5d24,acc_per_char,102,0.1568627450980392,15.686274509803921
ue5m3_te_recipe,"UE5M3 FP4 with Transformer Engine settings, current-tensor D=1",fp4_current_tensor_d1,quantized_ue5m3_fp4,True,86,mmlu_olmes,mmlu_computer_security:rc::olmes,mmlu_computer_security,95adfb15effac11bb4b7b4312e8c2a05,acc_per_char,100,0.52,52.0
ue5m3_te_recipe,"UE5M3 FP4 with Transformer Engine settings, current-tensor D=1",fp4_current_tensor_d1,quantized_ue5m3_fp4,True,87,mmlu_olmes,mmlu_conceptual_physics:rc::olmes,mmlu_conceptual_physics,567f44d0f94d8fa4a0119c131e858075,acc_per_char,235,0.41702127659574467,41.702127659574465
ue5m3_te_recipe,"UE5M3 FP4 with Transformer Engine settings, current-tensor D=1",fp4_current_tensor_d1,quantized_ue5m3_fp4,True,88,mmlu_olmes,mmlu_econometrics:rc::olmes,mmlu_econometrics,cb799ab80dc053a353c3bcc7b9386abf,acc_per_char,114,0.32456140350877194,32.45614035087719
ue5m3_te_recipe,"UE5M3 FP4 with Transformer Engine settings, current-tensor D=1",fp4_current_tensor_d1,quantized_ue5m3_fp4,True,89,mmlu_olmes,mmlu_electrical_engineering:rc::olmes,mmlu_electrical_engineering,15723c065162a191867085b670c56b73,acc_per_char,145,0.3724137931034483,37.24137931034483
ue5m3_te_recipe,"UE5M3 FP4 with Transformer Engine settings, current-tensor D=1",fp4_current_tensor_d1,quantized_ue5m3_fp4,True,90,mmlu_olmes,mmlu_elementary_mathematics:rc::olmes,mmlu_elementary_mathematics,b17cb50df9dc3885e7dbcb4fef405683,acc_per_char,378,0.31746031746031744,31.746031746031743
ue5m3_te_recipe,"UE5M3 FP4 with Transformer Engine settings, current-tensor D=1",fp4_current_tensor_d1,quantized_ue5m3_fp4,True,91,mmlu_olmes,mmlu_formal_logic:rc::olmes,mmlu_formal_logic,82b5ac945cc5c2f1cb54beff73486830,acc_per_char,126,0.35714285714285715,35.714285714285715
ue5m3_te_recipe,"UE5M3 FP4 with Transformer Engine settings, current-tensor D=1",fp4_current_tensor_d1,quantized_ue5m3_fp4,True,92,mmlu_olmes,mmlu_global_facts:rc::olmes,mmlu_global_facts,5acad514fa0105c06b71f6c924ef5b04,acc_per_char,100,0.27,27.0
ue5m3_te_recipe,"UE5M3 FP4 with Transformer Engine settings, current-tensor D=1",fp4_current_tensor_d1,quantized_ue5m3_fp4,True,93,mmlu_olmes,mmlu_high_school_biology:rc::olmes,mmlu_high_school_biology,d8ddda6f3e5c7889d7d36ff8dd51cc52,acc_per_char,310,0.46774193548387094,46.774193548387096
ue5m3_te_recipe,"UE5M3 FP4 with Transformer Engine settings, current-tensor D=1",fp4_current_tensor_d1,quantized_ue5m3_fp4,True,94,mmlu_olmes,mmlu_high_school_chemistry:rc::olmes,mmlu_high_school_chemistry,b905822505fc6bf87ee81088ffd93b9f,acc_per_char,203,0.24630541871921183,24.63054187192118
ue5m3_te_recipe,"UE5M3 FP4 with Transformer Engine settings, current-tensor D=1",fp4_current_tensor_d1,quantized_ue5m3_fp4,True,95,mmlu_olmes,mmlu_high_school_computer_science:rc::olmes,mmlu_high_school_computer_science,1f6e4443a6932f4e6c85ae1ee2ea6857,acc_per_char,100,0.39,39.0
ue5m3_te_recipe,"UE5M3 FP4 with Transformer Engine settings, current-tensor D=1",fp4_current_tensor_d1,quantized_ue5m3_fp4,True,96,mmlu_olmes,mmlu_high_school_european_history:rc::olmes,mmlu_high_school_european_history,297df68d8b8abb3dac4039039adf6936,acc_per_char,165,0.4484848484848485,44.84848484848485
ue5m3_te_recipe,"UE5M3 FP4 with Transformer Engine settings, current-tensor D=1",fp4_current_tensor_d1,quantized_ue5m3_fp4,True,97,mmlu_olmes,mmlu_high_school_geography:rc::olmes,mmlu_high_school_geography,09a0ea8c0d69e87db9d64b78e47808da,acc_per_char,198,0.4696969696969697,46.96969696969697
ue5m3_te_recipe,"UE5M3 FP4 with Transformer Engine settings, current-tensor D=1",fp4_current_tensor_d1,quantized_ue5m3_fp4,True,98,mmlu_olmes,mmlu_high_school_government_and_politics:rc::olmes,mmlu_high_school_government_and_politics,690e157a2167b4be83aeb3025e100359,acc_per_char,193,0.5129533678756477,51.29533678756477
ue5m3_te_recipe,"UE5M3 FP4 with Transformer Engine settings, current-tensor D=1",fp4_current_tensor_d1,quantized_ue5m3_fp4,True,99,mmlu_olmes,mmlu_high_school_macroeconomics:rc::olmes,mmlu_high_school_macroeconomics,5cd50ebcbec63cd7b59273fb53e145a2,acc_per_char,390,0.358974358974359,35.8974358974359
ue5m3_te_recipe,"UE5M3 FP4 with Transformer Engine settings, current-tensor D=1",fp4_current_tensor_d1,quantized_ue5m3_fp4,True,100,mmlu_olmes,mmlu_high_school_mathematics:rc::olmes,mmlu_high_school_mathematics,0a5104b0df6138995e01f4d9e30bf3bc,acc_per_char,270,0.17407407407407408,17.40740740740741
ue5m3_te_recipe,"UE5M3 FP4 with Transformer Engine settings, current-tensor D=1",fp4_current_tensor_d1,quantized_ue5m3_fp4,True,101,mmlu_olmes,mmlu_high_school_microeconomics:rc::olmes,mmlu_high_school_microeconomics,47974510bc14d32dee9c1ae0da6aa77c,acc_per_char,238,0.40756302521008403,40.7563025210084
ue5m3_te_recipe,"UE5M3 FP4 with Transformer Engine settings, current-tensor D=1",fp4_current_tensor_d1,quantized_ue5m3_fp4,True,102,mmlu_olmes,mmlu_high_school_physics:rc::olmes,mmlu_high_school_physics,70926d73081fbee1ee38fc002891a21a,acc_per_char,151,0.26490066225165565,26.490066225165563
ue5m3_te_recipe,"UE5M3 FP4 with Transformer Engine settings, current-tensor D=1",fp4_current_tensor_d1,quantized_ue5m3_fp4,True,103,mmlu_olmes,mmlu_high_school_psychology:rc::olmes,mmlu_high_school_psychology,63dd68a97d1abf7f719137d6f0d45d73,acc_per_char,545,0.5981651376146789,59.816513761467895
ue5m3_te_recipe,"UE5M3 FP4 with Transformer Engine settings, current-tensor D=1",fp4_current_tensor_d1,quantized_ue5m3_fp4,True,104,mmlu_olmes,mmlu_high_school_statistics:rc::olmes,mmlu_high_school_statistics,b25c8a521d2fb1d28a97e478d686eeaa,acc_per_char,216,0.32407407407407407,32.407407407407405
ue5m3_te_recipe,"UE5M3 FP4 with Transformer Engine settings, current-tensor D=1",fp4_current_tensor_d1,quantized_ue5m3_fp4,True,105,mmlu_olmes,mmlu_high_school_us_history:rc::olmes,mmlu_high_school_us_history,8290ed79cc88afc721c6f79b7318f541,acc_per_char,204,0.43137254901960786,43.13725490196079
ue5m3_te_recipe,"UE5M3 FP4 with Transformer Engine settings, current-tensor D=1",fp4_current_tensor_d1,quantized_ue5m3_fp4,True,106,mmlu_olmes,mmlu_high_school_world_history:rc::olmes,mmlu_high_school_world_history,934305afb0d486dcc158182788d0acfb,acc_per_char,237,0.4177215189873418,41.77215189873418
ue5m3_te_recipe,"UE5M3 FP4 with Transformer Engine settings, current-tensor D=1",fp4_current_tensor_d1,quantized_ue5m3_fp4,True,107,mmlu_olmes,mmlu_human_aging:rc::olmes,mmlu_human_aging,8d2b538449931b69b893e86b7416a7e7,acc_per_char,223,0.47533632286995514,47.53363228699551
ue5m3_te_recipe,"UE5M3 FP4 with Transformer Engine settings, current-tensor D=1",fp4_current_tensor_d1,quantized_ue5m3_fp4,True,108,mmlu_olmes,mmlu_human_sexuality:rc::olmes,mmlu_human_sexuality,88583bc91896ae15628a7050a8e8a08e,acc_per_char,131,0.4580152671755725,45.80152671755725
ue5m3_te_recipe,"UE5M3 FP4 with Transformer Engine settings, current-tensor D=1",fp4_current_tensor_d1,quantized_ue5m3_fp4,True,109,mmlu_olmes,mmlu_international_law:rc::olmes,mmlu_international_law,13a4e0bd7a029f10d0e8f9f01f60652e,acc_per_char,121,0.371900826446281,37.1900826446281
ue5m3_te_recipe,"UE5M3 FP4 with Transformer Engine settings, current-tensor D=1",fp4_current_tensor_d1,quantized_ue5m3_fp4,True,110,mmlu_olmes,mmlu_jurisprudence:rc::olmes,mmlu_jurisprudence,4bb149c58cd53f521d90f628858862ab,acc_per_char,108,0.4166666666666667,41.66666666666667
ue5m3_te_recipe,"UE5M3 FP4 with Transformer Engine settings, current-tensor D=1",fp4_current_tensor_d1,quantized_ue5m3_fp4,True,111,mmlu_olmes,mmlu_logical_fallacies:rc::olmes,mmlu_logical_fallacies,d0506b820ec8299d87c27079f988edb9,acc_per_char,163,0.4233128834355828,42.331288343558285
ue5m3_te_recipe,"UE5M3 FP4 with Transformer Engine settings, current-tensor D=1",fp4_current_tensor_d1,quantized_ue5m3_fp4,True,112,mmlu_olmes,mmlu_machine_learning:rc::olmes,mmlu_machine_learning,d6289aec8cc57955804f5bdd7d78a0ab,acc_per_char,112,0.25,25.0
ue5m3_te_recipe,"UE5M3 FP4 with Transformer Engine settings, current-tensor D=1",fp4_current_tensor_d1,quantized_ue5m3_fp4,True,113,mmlu_olmes,mmlu_management:rc::olmes,mmlu_management,5fdf48777d60532ea48c4228971ab9ce,acc_per_char,103,0.5631067961165048,56.310679611650485
ue5m3_te_recipe,"UE5M3 FP4 with Transformer Engine settings, current-tensor D=1",fp4_current_tensor_d1,quantized_ue5m3_fp4,True,114,mmlu_olmes,mmlu_marketing:rc::olmes,mmlu_marketing,ec59840b552e1b522ddcc91ebdd6bcdb,acc_per_char,234,0.5641025641025641,56.41025641025641
ue5m3_te_recipe,"UE5M3 FP4 with Transformer Engine settings, current-tensor D=1",fp4_current_tensor_d1,quantized_ue5m3_fp4,True,115,mmlu_olmes,mmlu_medical_genetics:rc::olmes,mmlu_medical_genetics,d21901ce2a60dd0484298f1929cd69e8,acc_per_char,100,0.44,44.0
ue5m3_te_recipe,"UE5M3 FP4 with Transformer Engine settings, current-tensor D=1",fp4_current_tensor_d1,quantized_ue5m3_fp4,True,116,mmlu_olmes,mmlu_miscellaneous:rc::olmes,mmlu_miscellaneous,53ccadb71923b35e1dfa8d894e2e3fc4,acc_per_char,783,0.5938697318007663,59.38697318007663
ue5m3_te_recipe,"UE5M3 FP4 with Transformer Engine settings, current-tensor D=1",fp4_current_tensor_d1,quantized_ue5m3_fp4,True,117,mmlu_olmes,mmlu_moral_disputes:rc::olmes,mmlu_moral_disputes,819a39344d1c377340e72e649cabebe9,acc_per_char,346,0.3265895953757225,32.65895953757225
ue5m3_te_recipe,"UE5M3 FP4 with Transformer Engine settings, current-tensor D=1",fp4_current_tensor_d1,quantized_ue5m3_fp4,True,118,mmlu_olmes,mmlu_moral_scenarios:rc::olmes,mmlu_moral_scenarios,cc409292717ac8649a1cd0cd7dc9fc73,acc_per_char,895,0.23575418994413408,23.575418994413408
ue5m3_te_recipe,"UE5M3 FP4 with Transformer Engine settings, current-tensor D=1",fp4_current_tensor_d1,quantized_ue5m3_fp4,True,119,mmlu_olmes,mmlu_nutrition:rc::olmes,mmlu_nutrition,61f9d819256c12d6bc8d289c7483b9c3,acc_per_char,306,0.369281045751634,36.9281045751634
ue5m3_te_recipe,"UE5M3 FP4 with Transformer Engine settings, current-tensor D=1",fp4_current_tensor_d1,quantized_ue5m3_fp4,True,120,mmlu_olmes,mmlu_philosophy:rc::olmes,mmlu_philosophy,7b23cc5f2ff6984858f9f5ba128b8216,acc_per_char,311,0.41479099678456594,41.47909967845659
ue5m3_te_recipe,"UE5M3 FP4 with Transformer Engine settings, current-tensor D=1",fp4_current_tensor_d1,quantized_ue5m3_fp4,True,121,mmlu_olmes,mmlu_prehistory:rc::olmes,mmlu_prehistory,48fd13dbcd0c721b8d69339ee8209f97,acc_per_char,324,0.3950617283950617,39.50617283950617
ue5m3_te_recipe,"UE5M3 FP4 with Transformer Engine settings, current-tensor D=1",fp4_current_tensor_d1,quantized_ue5m3_fp4,True,122,mmlu_olmes,mmlu_professional_accounting:rc::olmes,mmlu_professional_accounting,57a5dba0840cc14c94ed31f79dee4ac7,acc_per_char,282,0.26595744680851063,26.595744680851062
ue5m3_te_recipe,"UE5M3 FP4 with Transformer Engine settings, current-tensor D=1",fp4_current_tensor_d1,quantized_ue5m3_fp4,True,123,mmlu_olmes,mmlu_professional_law:rc::olmes,mmlu_professional_law,56030e99119525ae79b8abf107affc40,acc_per_char,1534,0.2803129074315515,28.03129074315515
ue5m3_te_recipe,"UE5M3 FP4 with Transformer Engine settings, current-tensor D=1",fp4_current_tensor_d1,quantized_ue5m3_fp4,True,124,mmlu_olmes,mmlu_professional_medicine:rc::olmes,mmlu_professional_medicine,2b0232ca5abb81ded631049ad557a96e,acc_per_char,272,0.33455882352941174,33.455882352941174
ue5m3_te_recipe,"UE5M3 FP4 with Transformer Engine settings, current-tensor D=1",fp4_current_tensor_d1,quantized_ue5m3_fp4,True,125,mmlu_olmes,mmlu_professional_psychology:rc::olmes,mmlu_professional_psychology,77f07f47e032860fc6442c27cde81ac5,acc_per_char,612,0.3741830065359477,37.41830065359477
ue5m3_te_recipe,"UE5M3 FP4 with Transformer Engine settings, current-tensor D=1",fp4_current_tensor_d1,quantized_ue5m3_fp4,True,126,mmlu_olmes,mmlu_public_relations:rc::olmes,mmlu_public_relations,b3d8e8d8619b36ec8f35ac6eedd1d242,acc_per_char,110,0.39090909090909093,39.09090909090909
ue5m3_te_recipe,"UE5M3 FP4 with Transformer Engine settings, current-tensor D=1",fp4_current_tensor_d1,quantized_ue5m3_fp4,True,127,mmlu_olmes,mmlu_security_studies:rc::olmes,mmlu_security_studies,a7d55a48b6fa8697683abd6458dd2310,acc_per_char,245,0.2653061224489796,26.53061224489796
ue5m3_te_recipe,"UE5M3 FP4 with Transformer Engine settings, current-tensor D=1",fp4_current_tensor_d1,quantized_ue5m3_fp4,True,128,mmlu_olmes,mmlu_sociology:rc::olmes,mmlu_sociology,b30a972cad094aa6687f34495f4f5d9d,acc_per_char,201,0.3681592039800995,36.81592039800995
ue5m3_te_recipe,"UE5M3 FP4 with Transformer Engine settings, current-tensor D=1",fp4_current_tensor_d1,quantized_ue5m3_fp4,True,129,mmlu_olmes,mmlu_us_foreign_policy:rc::olmes,mmlu_us_foreign_policy,14c587e70a64652d43ccb2972a2ee520,acc_per_char,100,0.42,42.0
ue5m3_te_recipe,"UE5M3 FP4 with Transformer Engine settings, current-tensor D=1",fp4_current_tensor_d1,quantized_ue5m3_fp4,True,130,mmlu_olmes,mmlu_virology:rc::olmes,mmlu_virology,de01c561afecb3cde13432a3ccf073b6,acc_per_char,166,0.3433734939759036,34.33734939759036
ue5m3_te_recipe,"UE5M3 FP4 with Transformer Engine settings, current-tensor D=1",fp4_current_tensor_d1,quantized_ue5m3_fp4,True,131,mmlu_olmes,mmlu_world_religions:rc::olmes,mmlu_world_religions,fa1acd404b2bda70e3664747e3c3db22,acc_per_char,171,0.6842105263157895,68.42105263157895
ue5m3_te_recipe,"UE5M3 FP4 with Transformer Engine settings, current-tensor D=1",fp4_current_tensor_d1,quantized_ue5m3_fp4,True,132,mmlu_pro_mc,mmlu_pro_math:mc::none,mmlu_pro_math,2f02776911c1a63e3bf3c96fbeeeccff,acc_raw,1351,0.10658771280532939,10.658771280532939
ue5m3_te_recipe,"UE5M3 FP4 with Transformer Engine settings, current-tensor D=1",fp4_current_tensor_d1,quantized_ue5m3_fp4,True,133,mmlu_pro_mc,mmlu_pro_health:mc::none,mmlu_pro_health,b12866ee79da1af676f9ef6d2cc6a223,acc_raw,818,0.13447432762836187,13.447432762836186
ue5m3_te_recipe,"UE5M3 FP4 with Transformer Engine settings, current-tensor D=1",fp4_current_tensor_d1,quantized_ue5m3_fp4,True,134,mmlu_pro_mc,mmlu_pro_physics:mc::none,mmlu_pro_physics,afe121df881d1e4e6ed6086e76d3e22a,acc_raw,1299,0.13163972286374134,13.163972286374134
ue5m3_te_recipe,"UE5M3 FP4 with Transformer Engine settings, current-tensor D=1",fp4_current_tensor_d1,quantized_ue5m3_fp4,True,135,mmlu_pro_mc,mmlu_pro_business:mc::none,mmlu_pro_business,8bcb1367c4dde160afbaf772d2920c42,acc_raw,789,0.09252217997465145,9.252217997465145
ue5m3_te_recipe,"UE5M3 FP4 with Transformer Engine settings, current-tensor D=1",fp4_current_tensor_d1,quantized_ue5m3_fp4,True,136,mmlu_pro_mc,mmlu_pro_biology:mc::none,mmlu_pro_biology,04a6eab9701cdeacd44a1ce81b45c5e6,acc_raw,717,0.11576011157601115,11.576011157601116
ue5m3_te_recipe,"UE5M3 FP4 with Transformer Engine settings, current-tensor D=1",fp4_current_tensor_d1,quantized_ue5m3_fp4,True,137,mmlu_pro_mc,mmlu_pro_chemistry:mc::none,mmlu_pro_chemistry,7e12262fe7a703eb0b277aba4d3522e3,acc_raw,1132,0.10247349823321555,10.247349823321555
ue5m3_te_recipe,"UE5M3 FP4 with Transformer Engine settings, current-tensor D=1",fp4_current_tensor_d1,quantized_ue5m3_fp4,True,138,mmlu_pro_mc,mmlu_pro_computer science:mc::none,mmlu_pro_computer science,2b87f63e753ec559787205262fa3cfd6,acc_raw,410,0.10975609756097561,10.975609756097562
ue5m3_te_recipe,"UE5M3 FP4 with Transformer Engine settings, current-tensor D=1",fp4_current_tensor_d1,quantized_ue5m3_fp4,True,139,mmlu_pro_mc,mmlu_pro_economics:mc::none,mmlu_pro_economics,1f244c402cf1d30b526aeb45853fcd6d,acc_raw,844,0.11966824644549763,11.966824644549764
ue5m3_te_recipe,"UE5M3 FP4 with Transformer Engine settings, current-tensor D=1",fp4_current_tensor_d1,quantized_ue5m3_fp4,True,140,mmlu_pro_mc,mmlu_pro_engineering:mc::none,mmlu_pro_engineering,54bbb809be7d6561080cd2de064b5ae0,acc_raw,969,0.10732714138286893,10.732714138286893
ue5m3_te_recipe,"UE5M3 FP4 with Transformer Engine settings, current-tensor D=1",fp4_current_tensor_d1,quantized_ue5m3_fp4,True,141,mmlu_pro_mc,mmlu_pro_philosophy:mc::none,mmlu_pro_philosophy,5b7c6ac776a56489682222be6f541625,acc_raw,499,0.1282565130260521,12.825651302605209
ue5m3_te_recipe,"UE5M3 FP4 with Transformer Engine settings, current-tensor D=1",fp4_current_tensor_d1,quantized_ue5m3_fp4,True,142,mmlu_pro_mc,mmlu_pro_other:mc::none,mmlu_pro_other,0b6ca1930bca1d0f42dc530297c7f613,acc_raw,924,0.12121212121212122,12.121212121212121
ue5m3_te_recipe,"UE5M3 FP4 with Transformer Engine settings, current-tensor D=1",fp4_current_tensor_d1,quantized_ue5m3_fp4,True,143,mmlu_pro_mc,mmlu_pro_history:mc::none,mmlu_pro_history,12ff9c5cffacabb6082bd196f004bdc7,acc_raw,381,0.12598425196850394,12.598425196850393
ue5m3_te_recipe,"UE5M3 FP4 with Transformer Engine settings, current-tensor D=1",fp4_current_tensor_d1,quantized_ue5m3_fp4,True,144,mmlu_pro_mc,mmlu_pro_psychology:mc::none,mmlu_pro_psychology,6b377ac052d6e9c0346a30a4c109d290,acc_raw,798,0.09273182957393483,9.273182957393484
ue5m3_te_recipe,"UE5M3 FP4 with Transformer Engine settings, current-tensor D=1",fp4_current_tensor_d1,quantized_ue5m3_fp4,True,145,mmlu_pro_mc,mmlu_pro_law:mc::none,mmlu_pro_law,7e5b61df22d557ef28caee941b91aa69,acc_raw,1101,0.11080835603996367,11.080835603996366
